
> escuela-global-frontend@0.1.0 dev
> next dev

▲ Next.js 16.2.6 (Turbopack)
- Local:         http://localhost:3000
- Network:       http://192.168.1.20:3000
- Environments: .env.local
✓ Ready in 1715ms

 GET /auth/login?redirect=%2Fpanel%2Fsoporte%2Fcursos 200 in 1673ms (next.js: 426ms, proxy.ts: 11ms, application-code: 1236ms)
 GET / 200 in 164ms (next.js: 55ms, application-code: 109ms)
✓ Compiled in 1824ms
 GET /auth/login?redirect=%2Fpanel%2Fsoporte%2Fcursos 200 in 176ms (next.js: 86ms, proxy.ts: 43ms, application-code: 47ms)
 GET /auth/login?redirect=%2Fpanel%2Fsoporte%2Fcursos 200 in 114ms (next.js: 51ms, proxy.ts: 26ms, application-code: 37ms)
 GET /auth/login?redirect=%2Fpanel%2Fsoporte%2Fcursos 200 in 167ms (next.js: 57ms, proxy.ts: 25ms, application-code: 85ms)
 GET /auth/login?redirect=%2Fpanel%2Fsoporte%2Fcursos 200 in 199ms (next.js: 7ms, proxy.ts: 5ms, application-code: 188ms)
 GET /auth/login?redirect=%2Fpanel%2Fsoporte%2Fcursos 200 in 159ms (next.js: 13ms, proxy.ts: 15ms, application-code: 131ms)
 GET /auth/login?redirect=%2Fpanel%2Fsoporte%2Fcursos 200 in 158ms (next.js: 70ms, proxy.ts: 16ms, application-code: 72ms)
 GET /auth/login?redirect=%2Fpanel%2Fsoporte%2Fcursos 200 in 161ms (next.js: 41ms, proxy.ts: 15ms, application-code: 104ms)
 GET /auth/login?redirect=%2Fpanel%2Fsoporte%2Fcursos 200 in 160ms (next.js: 102ms, proxy.ts: 16ms, application-code: 42ms)
 GET /auth/login?redirect=%2Fpanel%2Fsoporte%2Fcursos 200 in 119ms (next.js: 52ms, proxy.ts: 28ms, application-code: 38ms)
 GET /auth/login?redirect=%2Fpanel%2Fsoporte%2Fcursos 200 in 114ms (next.js: 55ms, proxy.ts: 25ms, application-code: 34ms)
 GET /auth/login?redirect=%2Fpanel%2Fsoporte%2Fcursos 200 in 125ms (next.js: 54ms, proxy.ts: 27ms, application-code: 44ms)
✓ Compiled in 2.8s
 GET /auth/login?redirect=%2Fpanel%2Fsoporte%2Fcursos 200 in 2.8s (next.js: 2.2s, proxy.ts: 49ms, application-code: 563ms)
 GET /auth/login?redirect=%2Fpanel%2Fsoporte%2Fcursos 200 in 369ms (next.js: 65ms, proxy.ts: 36ms, application-code: 267ms)
 GET /auth/login?redirect=%2Fpanel%2Fsoporte%2Fcursos 200 in 219ms (next.js: 19ms, proxy.ts: 20ms, application-code: 180ms)
 GET /auth/login?redirect=%2Fpanel%2Fsoporte%2Fcursos 200 in 218ms (next.js: 47ms, proxy.ts: 20ms, application-code: 151ms)
 GET /auth/login?redirect=%2Fpanel%2Fsoporte%2Fcursos 200 in 221ms (next.js: 82ms, proxy.ts: 22ms, application-code: 118ms)
 GET /auth/login?redirect=%2Fpanel%2Fsoporte%2Fcursos 200 in 220ms (next.js: 115ms, proxy.ts: 22ms, application-code: 84ms)
 GET /auth/login?redirect=%2Fpanel%2Fsoporte%2Fcursos 200 in 261ms (next.js: 148ms, proxy.ts: 17ms, application-code: 97ms)
 GET /auth/login?redirect=%2Fpanel%2Fsoporte%2Fcursos 200 in 252ms (next.js: 15ms, proxy.ts: 7ms, application-code: 231ms)
 GET /auth/login?redirect=%2Fpanel%2Fsoporte%2Fcursos 200 in 253ms (next.js: 24ms, proxy.ts: 53ms, application-code: 175ms)
 GET /auth/login?redirect=%2Fpanel%2Fsoporte%2Fcursos 200 in 215ms (next.js: 51ms, proxy.ts: 18ms, application-code: 145ms)
 GET /auth/login?redirect=%2Fpanel%2Fsoporte%2Fcursos 200 in 214ms (next.js: 77ms, proxy.ts: 17ms, application-code: 120ms)
 GET /auth/login?redirect=%2Fpanel%2Fsoporte%2Fcursos 200 in 276ms (next.js: 107ms, proxy.ts: 20ms, application-code: 150ms)
 GET /auth/login?redirect=%2Fpanel%2Fsoporte%2Fcursos 200 in 286ms (next.js: 44ms, proxy.ts: 104ms, application-code: 138ms)
 GET /auth/login?redirect=%2Fpanel%2Fsoporte%2Fcursos 200 in 292ms (next.js: 20ms, proxy.ts: 8ms, application-code: 264ms)
 GET /auth/login?redirect=%2Fpanel%2Fsoporte%2Fcursos 200 in 314ms (next.js: 19ms, proxy.ts: 76ms, application-code: 218ms)
 GET /auth/login?redirect=%2Fpanel%2Fsoporte%2Fcursos 200 in 256ms (next.js: 58ms, proxy.ts: 21ms, application-code: 177ms)
 GET /auth/login?redirect=%2Fpanel%2Fsoporte%2Fcursos 200 in 252ms (next.js: 95ms, proxy.ts: 16ms, application-code: 141ms)
 GET /auth/login?redirect=%2Fpanel%2Fsoporte%2Fcursos 200 in 281ms (next.js: 95ms, proxy.ts: 55ms, application-code: 131ms)
 GET /auth/login?redirect=%2Fpanel%2Fsoporte%2Fcursos 200 in 237ms (next.js: 11ms, proxy.ts: 96ms, application-code: 130ms)
 GET /auth/login?redirect=%2Fpanel%2Fsoporte%2Fcursos 200 in 209ms (next.js: 14ms, proxy.ts: 6ms, application-code: 188ms)
 GET /auth/login?redirect=%2Fpanel%2Fsoporte%2Fcursos 200 in 237ms (next.js: 20ms, proxy.ts: 43ms, application-code: 174ms)
 GET /auth/login?redirect=%2Fpanel%2Fsoporte%2Fcursos 200 in 207ms (next.js: 47ms, proxy.ts: 13ms, application-code: 146ms)
 GET /auth/login?redirect=%2Fpanel%2Fsoporte%2Fcursos 200 in 210ms (next.js: 73ms, proxy.ts: 17ms, application-code: 120ms)
 GET /auth/login?redirect=%2Fpanel%2Fsoporte%2Fcursos 200 in 241ms (next.js: 46ms, proxy.ts: 69ms, application-code: 125ms)
 GET /auth/login?redirect=%2Fpanel%2Fsoporte%2Fcursos 200 in 248ms (next.js: 9ms, proxy.ts: 66ms, application-code: 172ms)
 GET /auth/login?redirect=%2Fpanel%2Fsoporte%2Fcursos 200 in 224ms (next.js: 17ms, proxy.ts: 8ms, application-code: 200ms)
 GET /auth/login?redirect=%2Fpanel%2Fsoporte%2Fcursos 200 in 259ms (next.js: 18ms, proxy.ts: 47ms, application-code: 193ms)
 GET /auth/login?redirect=%2Fpanel%2Fsoporte%2Fcursos 200 in 259ms (next.js: 47ms, proxy.ts: 49ms, application-code: 163ms)
 GET /auth/login?redirect=%2Fpanel%2Fsoporte%2Fcursos 200 in 221ms (next.js: 77ms, proxy.ts: 11ms, application-code: 133ms)
 GET /auth/login?redirect=%2Fpanel%2Fsoporte%2Fcursos 200 in 255ms (next.js: 52ms, proxy.ts: 74ms, application-code: 129ms)
 GET /auth/login?redirect=%2Fpanel%2Fsoporte%2Fcursos 200 in 220ms (next.js: 10ms, proxy.ts: 42ms, application-code: 168ms)
 GET /auth/login?redirect=%2Fpanel%2Fsoporte%2Fcursos 200 in 206ms (next.js: 14ms, proxy.ts: 8ms, application-code: 184ms)
 GET /auth/login?redirect=%2Fpanel%2Fsoporte%2Fcursos 200 in 233ms (next.js: 15ms, proxy.ts: 42ms, application-code: 176ms)
 GET /auth/login?redirect=%2Fpanel%2Fsoporte%2Fcursos 200 in 235ms (next.js: 46ms, proxy.ts: 43ms, application-code: 145ms)
 GET /auth/login?redirect=%2Fpanel%2Fsoporte%2Fcursos 200 in 231ms (next.js: 40ms, proxy.ts: 44ms, application-code: 147ms)
 GET /auth/login?redirect=%2Fpanel%2Fsoporte%2Fcursos 200 in 204ms (next.js: 45ms, proxy.ts: 40ms, application-code: 120ms)
 GET /auth/login?redirect=%2Fpanel%2Fsoporte%2Fcursos 200 in 202ms (next.js: 12ms, proxy.ts: 38ms, application-code: 151ms)
 GET /auth/login?redirect=%2Fpanel%2Fsoporte%2Fcursos 200 in 231ms (next.js: 13ms, proxy.ts: 36ms, application-code: 182ms)
 GET /auth/login?redirect=%2Fpanel%2Fsoporte%2Fcursos 200 in 226ms (next.js: 14ms, proxy.ts: 42ms, application-code: 170ms)
 GET /auth/login?redirect=%2Fpanel%2Fsoporte%2Fcursos 200 in 200ms (next.js: 44ms, proxy.ts: 14ms, application-code: 141ms)
 GET /auth/login?redirect=%2Fpanel%2Fsoporte%2Fcursos 200 in 226ms (next.js: 39ms, proxy.ts: 41ms, application-code: 146ms)
 GET /auth/login?redirect=%2Fpanel%2Fsoporte%2Fcursos 200 in 199ms (next.js: 44ms, proxy.ts: 38ms, application-code: 118ms)
 GET /auth/login?redirect=%2Fpanel%2Fsoporte%2Fcursos 200 in 206ms (next.js: 9ms, proxy.ts: 37ms, application-code: 160ms)
 GET /auth/login?redirect=%2Fpanel%2Fsoporte%2Fcursos 200 in 212ms (next.js: 14ms, proxy.ts: 8ms, application-code: 191ms)
 GET /auth/login?redirect=%2Fpanel%2Fsoporte%2Fcursos 200 in 241ms (next.js: 21ms, proxy.ts: 40ms, application-code: 181ms)
 GET /auth/login?redirect=%2Fpanel%2Fsoporte%2Fcursos 200 in 214ms (next.js: 46ms, proxy.ts: 18ms, application-code: 150ms)
 GET /auth/login?redirect=%2Fpanel%2Fsoporte%2Fcursos 200 in 239ms (next.js: 43ms, proxy.ts: 43ms, application-code: 153ms)
 GET /auth/login?redirect=%2Fpanel%2Fsoporte%2Fcursos 200 in 207ms (next.js: 49ms, proxy.ts: 38ms, application-code: 120ms)
 GET /auth/login?redirect=%2Fpanel%2Fsoporte%2Fcursos 200 in 212ms (next.js: 12ms, proxy.ts: 39ms, application-code: 161ms)
 GET /auth/login?redirect=%2Fpanel%2Fsoporte%2Fcursos 200 in 247ms (next.js: 13ms, proxy.ts: 39ms, application-code: 195ms)
 GET /auth/login?redirect=%2Fpanel%2Fsoporte%2Fcursos 200 in 244ms (next.js: 20ms, proxy.ts: 37ms, application-code: 188ms)
 GET /auth/login?redirect=%2Fpanel%2Fsoporte%2Fcursos 200 in 215ms (next.js: 40ms, proxy.ts: 13ms, application-code: 162ms)
 GET /auth/login?redirect=%2Fpanel%2Fsoporte%2Fcursos 200 in 215ms (next.js: 17ms, proxy.ts: 44ms, application-code: 154ms)
 GET /auth/login?redirect=%2Fpanel%2Fsoporte%2Fcursos 200 in 223ms (next.js: 53ms, proxy.ts: 44ms, application-code: 126ms)
 GET /auth/login?redirect=%2Fpanel%2Fsoporte%2Fcursos 200 in 211ms (next.js: 10ms, proxy.ts: 40ms, application-code: 161ms)
 GET /auth/login?redirect=%2Fpanel%2Fsoporte%2Fcursos 200 in 244ms (next.js: 15ms, proxy.ts: 35ms, application-code: 194ms)
 GET /auth/login?redirect=%2Fpanel%2Fsoporte%2Fcursos 200 in 252ms (next.js: 56ms, proxy.ts: 9ms, application-code: 188ms)
 GET /auth/login?redirect=%2Fpanel%2Fsoporte%2Fcursos 200 in 220ms (next.js: 16ms, proxy.ts: 46ms, application-code: 159ms)
 GET /auth/login?redirect=%2Fpanel%2Fsoporte%2Fcursos 200 in 243ms (next.js: 43ms, proxy.ts: 38ms, application-code: 163ms)
 GET /auth/login?redirect=%2Fpanel%2Fsoporte%2Fcursos 200 in 216ms (next.js: 46ms, proxy.ts: 41ms, application-code: 129ms)
 GET /auth/login?redirect=%2Fpanel%2Fsoporte%2Fcursos 200 in 210ms (next.js: 12ms, proxy.ts: 37ms, application-code: 161ms)
 GET /auth/login?redirect=%2Fpanel%2Fsoporte%2Fcursos 200 in 249ms (next.js: 11ms, proxy.ts: 46ms, application-code: 192ms)
 GET /auth/login?redirect=%2Fpanel%2Fsoporte%2Fcursos 200 in 246ms (next.js: 20ms, proxy.ts: 37ms, application-code: 189ms)
 GET /auth/login?redirect=%2Fpanel%2Fsoporte%2Fcursos 200 in 217ms (next.js: 43ms, proxy.ts: 14ms, application-code: 160ms)
 GET /auth/login?redirect=%2Fpanel%2Fsoporte%2Fcursos 200 in 216ms (next.js: 12ms, proxy.ts: 38ms, application-code: 166ms)
 GET /auth/login?redirect=%2Fpanel%2Fsoporte%2Fcursos 200 in 244ms (next.js: 44ms, proxy.ts: 36ms, application-code: 163ms)
 GET /auth/login?redirect=%2Fpanel%2Fsoporte%2Fcursos 200 in 218ms (next.js: 17ms, proxy.ts: 46ms, application-code: 155ms)
 GET /auth/login?redirect=%2Fpanel%2Fsoporte%2Fcursos 200 in 236ms (next.js: 12ms, proxy.ts: 45ms, application-code: 178ms)
 GET /auth/login?redirect=%2Fpanel%2Fsoporte%2Fcursos 200 in 202ms (next.js: 44ms, proxy.ts: 9ms, application-code: 148ms)
 GET /auth/login?redirect=%2Fpanel%2Fsoporte%2Fcursos 200 in 200ms (next.js: 16ms, proxy.ts: 40ms, application-code: 144ms)
 GET /auth/login?redirect=%2Fpanel%2Fsoporte%2Fcursos 200 in 197ms (next.js: 39ms, proxy.ts: 9ms, application-code: 149ms)
 GET /auth/login?redirect=%2Fpanel%2Fsoporte%2Fcursos 200 in 234ms (next.js: 44ms, proxy.ts: 37ms, application-code: 153ms)
 GET /auth/login?redirect=%2Fpanel%2Fsoporte%2Fcursos 200 in 205ms (next.js: 13ms, proxy.ts: 35ms, application-code: 157ms)
 GET /auth/login?redirect=%2Fpanel%2Fsoporte%2Fcursos 200 in 243ms (next.js: 12ms, proxy.ts: 36ms, application-code: 195ms)
 GET /auth/login?redirect=%2Fpanel%2Fsoporte%2Fcursos 200 in 216ms (next.js: 18ms, proxy.ts: 38ms, application-code: 160ms)
 GET /auth/login?redirect=%2Fpanel%2Fsoporte%2Fcursos 200 in 217ms (next.js: 46ms, proxy.ts: 12ms, application-code: 158ms)
 GET /auth/login?redirect=%2Fpanel%2Fsoporte%2Fcursos 200 in 211ms (next.js: 13ms, proxy.ts: 41ms, application-code: 158ms)
 GET /auth/login?redirect=%2Fpanel%2Fsoporte%2Fcursos 200 in 217ms (next.js: 50ms, proxy.ts: 8ms, application-code: 159ms)
 GET /auth/login?redirect=%2Fpanel%2Fsoporte%2Fcursos 200 in 245ms (next.js: 13ms, proxy.ts: 38ms, application-code: 194ms)
 GET /auth/login?redirect=%2Fpanel%2Fsoporte%2Fcursos 200 in 251ms (next.js: 17ms, proxy.ts: 39ms, application-code: 195ms)
 GET /auth/login?redirect=%2Fpanel%2Fsoporte%2Fcursos 200 in 222ms (next.js: 51ms, proxy.ts: 10ms, application-code: 161ms)
 GET /auth/login?redirect=%2Fpanel%2Fsoporte%2Fcursos 200 in 263ms (next.js: 45ms, proxy.ts: 44ms, application-code: 174ms)
 GET /auth/login?redirect=%2Fpanel%2Fsoporte%2Fcursos 200 in 255ms (next.js: 44ms, proxy.ts: 38ms, application-code: 173ms)
 GET /auth/login?redirect=%2Fpanel%2Fsoporte%2Fcursos 200 in 260ms (next.js: 45ms, proxy.ts: 38ms, application-code: 177ms)
 GET /auth/login?redirect=%2Fpanel%2Fsoporte%2Fcursos 200 in 227ms (next.js: 15ms, proxy.ts: 9ms, application-code: 203ms)
 GET /auth/login?redirect=%2Fpanel%2Fsoporte%2Fcursos 200 in 265ms (next.js: 15ms, proxy.ts: 53ms, application-code: 197ms)
 GET /auth/login?redirect=%2Fpanel%2Fsoporte%2Fcursos 200 in 219ms (next.js: 47ms, proxy.ts: 8ms, application-code: 164ms)
 GET /auth/login?redirect=%2Fpanel%2Fsoporte%2Fcursos 200 in 248ms (next.js: 45ms, proxy.ts: 41ms, application-code: 162ms)
 GET /auth/login?redirect=%2Fpanel%2Fsoporte%2Fcursos 200 in 248ms (next.js: 41ms, proxy.ts: 42ms, application-code: 166ms)
 GET /auth/login?redirect=%2Fpanel%2Fsoporte%2Fcursos 200 in 219ms (next.js: 45ms, proxy.ts: 37ms, application-code: 136ms)
 GET /auth/login?redirect=%2Fpanel%2Fsoporte%2Fcursos 200 in 209ms (next.js: 12ms, proxy.ts: 7ms, application-code: 189ms)
 GET /auth/login?redirect=%2Fpanel%2Fsoporte%2Fcursos 200 in 235ms (next.js: 13ms, proxy.ts: 39ms, application-code: 183ms)
 GET /auth/login?redirect=%2Fpanel%2Fsoporte%2Fcursos 200 in 208ms (next.js: 52ms, proxy.ts: 10ms, application-code: 146ms)
 GET /auth/login?redirect=%2Fpanel%2Fsoporte%2Fcursos 200 in 206ms (next.js: 14ms, proxy.ts: 45ms, application-code: 147ms)
 GET /auth/login?redirect=%2Fpanel%2Fsoporte%2Fcursos 200 in 235ms (next.js: 39ms, proxy.ts: 40ms, application-code: 157ms)
 GET /auth/login?redirect=%2Fpanel%2Fsoporte%2Fcursos 200 in 240ms (next.js: 43ms, proxy.ts: 37ms, application-code: 159ms)
 GET /auth/login?redirect=%2Fpanel%2Fsoporte%2Fcursos 200 in 223ms (next.js: 12ms, proxy.ts: 9ms, application-code: 202ms)
 GET /auth/login?redirect=%2Fpanel%2Fsoporte%2Fcursos 200 in 248ms (next.js: 13ms, proxy.ts: 38ms, application-code: 197ms)
 GET /auth/login?redirect=%2Fpanel%2Fsoporte%2Fcursos 200 in 229ms (next.js: 21ms, proxy.ts: 41ms, application-code: 168ms)
 GET /auth/login?redirect=%2Fpanel%2Fsoporte%2Fcursos 200 in 228ms (next.js: 44ms, proxy.ts: 15ms, application-code: 169ms)
 GET /auth/login?redirect=%2Fpanel%2Fsoporte%2Fcursos 200 in 267ms (next.js: 45ms, proxy.ts: 41ms, application-code: 181ms)
 GET /auth/login?redirect=%2Fpanel%2Fsoporte%2Fcursos 200 in 230ms (next.js: 15ms, proxy.ts: 44ms, application-code: 171ms)
 GET /auth/login?redirect=%2Fpanel%2Fsoporte%2Fcursos 200 in 178ms (next.js: 13ms, proxy.ts: 47ms, application-code: 118ms)
 GET /auth/login?redirect=%2Fpanel%2Fsoporte%2Fcursos 200 in 135ms (next.js: 46ms, proxy.ts: 8ms, application-code: 81ms)
 GET /auth/login?redirect=%2Fpanel%2Fsoporte%2Fcursos 200 in 94ms (next.js: 9ms, proxy.ts: 52ms, application-code: 32ms)
 GET /auth/login?redirect=%2Fpanel%2Fsoporte%2Fcursos 200 in 185ms (next.js: 54ms, proxy.ts: 27ms, application-code: 104ms)
 GET /auth/login?redirect=%2Fpanel%2Fsoporte%2Fcursos 200 in 128ms (next.js: 7ms, proxy.ts: 10ms, application-code: 111ms)
 GET /auth/login?redirect=%2Fpanel%2Fsoporte%2Fcursos 200 in 72ms (next.js: 9ms, proxy.ts: 9ms, application-code: 54ms)
 GET /auth/login?redirect=%2Fpanel%2Fsoporte%2Fcursos 200 in 71ms (next.js: 37ms, proxy.ts: 8ms, application-code: 26ms)
 GET /auth/login?redirect=%2Fpanel%2Fsoporte%2Fcursos 200 in 213ms (next.js: 58ms, proxy.ts: 30ms, application-code: 126ms)
 GET /auth/login?redirect=%2Fpanel%2Fsoporte%2Fcursos 200 in 120ms (next.js: 12ms, proxy.ts: 9ms, application-code: 100ms)
 GET /auth/login?redirect=%2Fpanel%2Fsoporte%2Fcursos 200 in 48ms (next.js: 9ms, proxy.ts: 7ms, application-code: 32ms)
 GET /auth/login?redirect=%2Fpanel%2Fsoporte%2Fcursos 200 in 134ms (next.js: 66ms, proxy.ts: 26ms, application-code: 42ms)
 GET /auth/login?redirect=%2Fpanel%2Fsoporte%2Fcursos 200 in 123ms (next.js: 62ms, proxy.ts: 24ms, application-code: 36ms)
 GET /auth/login?redirect=%2Fpanel%2Fsoporte%2Fcursos 200 in 106ms (next.js: 48ms, proxy.ts: 23ms, application-code: 34ms)
 GET /auth/login?redirect=%2Fpanel%2Fsoporte%2Fcursos 200 in 112ms (next.js: 51ms, proxy.ts: 28ms, application-code: 32ms)
 GET /auth/login?redirect=%2Fpanel%2Fsoporte%2Fcursos 200 in 137ms (next.js: 73ms, proxy.ts: 26ms, application-code: 38ms)
 GET /auth/login?redirect=%2Fpanel%2Fsoporte%2Fcursos 200 in 169ms (next.js: 65ms, proxy.ts: 25ms, application-code: 79ms)
 GET /auth/login?redirect=%2Fpanel%2Fsoporte%2Fcursos 200 in 79ms (next.js: 10ms, proxy.ts: 6ms, application-code: 63ms)
 GET /auth/login?redirect=%2Fpanel%2Fsoporte%2Fcursos 200 in 39ms (next.js: 6ms, proxy.ts: 5ms, application-code: 28ms)
 GET /auth/login?redirect=%2Fpanel%2Fsoporte%2Fcursos 200 in 113ms (next.js: 55ms, proxy.ts: 24ms, application-code: 35ms)
 GET /auth/login?redirect=%2Fpanel%2Fsoporte%2Fcursos 200 in 160ms (next.js: 65ms, proxy.ts: 31ms, application-code: 65ms)
 GET /auth/login?redirect=%2Fpanel%2Fsoporte%2Fcursos 200 in 137ms (next.js: 69ms, proxy.ts: 36ms, application-code: 32ms)
 GET /auth/login?redirect=%2Fpanel%2Fsoporte%2Fcursos 200 in 142ms (next.js: 63ms, proxy.ts: 34ms, application-code: 46ms)
 GET /auth/login?redirect=%2Fpanel%2Fsoporte%2Fcursos 200 in 212ms (next.js: 71ms, proxy.ts: 28ms, application-code: 113ms)
 GET /auth/login?redirect=%2Fpanel%2Fsoporte%2Fcursos 200 in 108ms (next.js: 11ms, proxy.ts: 7ms, application-code: 90ms)
 GET /auth/login?redirect=%2Fpanel%2Fsoporte%2Fcursos 200 in 42ms (next.js: 7ms, proxy.ts: 7ms, application-code: 29ms)
node.exe : [browser] A tree hydrated but some attributes of the server rendered HTML didn't match the client properties. This won't be patched up. This can happen if a SSR-ed Client Component used:
En línea: 1 Carácter: 1
+ & "C:\Program Files\nodejs/node.exe" "C:\Program Files\nodejs/node_mo ...
+ ~~~~~~~~~~~~~~~~~~~~~~~~~~~~~~~~~~~~~~~~~~~~~~~~~~~~~~~~~~~~~~~~~~~~~
    + CategoryInfo          : NotSpecified: ([browser] A tre...Component used::String) [], RemoteException
    + FullyQualifiedErrorId : NativeCommandError
 

- A server/client branch `if (typeof window !== 'undefined')`.
- Variable input such as `Date.now()` or `Math.random()` which changes each time it's called.
- Date formatting in a user's locale which doesn't match the server.
- External changing data without sending a snapshot of it along with the HTML.
- Invalid HTML tag nesting.

It can also happen if the client has a browser extension installed which messes with the HTML before React loaded.

https://react.dev/link/hydration-mismatch

  ...
    <HotReload globalError={[...]} webSocket={WebSocket} staticIndicatorState={{pathname:null, ...}}>
      <AppDevOverlayErrorBoundary globalError={[...]}>
        <ReplaySsrOnlyErrors>
        <DevRootHTTPAccessFallbackBoundary>
          <HTTPAccessFallbackBoundary notFound={<NotAllowedRootHTTPFallbackError>}>
            <HTTPAccessFallbackErrorBoundary pathname="/auth/login" notFound={<NotAllowedRootHTTPFallbackError>} ...>
              <RedirectBoundary>
                <RedirectErrorBoundary router={{...}}>
                  <Head>
                  <__next_root_layout_boundary__>
                    <SegmentViewNode type="layout" pagePath="layout.tsx">
                      <SegmentTrieNode>
                      <link>
                      <script>
                      <script>
                      <script>
                      <script>
                      <script>
                      <script>
                      <RootLayout>
                        <html lang="es" className="raleway_6e...">
                          <body
                            className="min-h-full flex flex-col"
-                           cz-shortcut-listen="true"
                          >
                  ...
 
 GET /auth/login?redirect=%2Fpanel%2Fsoporte%2Fcursos 200 in 127ms (next.js: 57ms, proxy.ts: 26ms, application-code: 44ms)
 GET /auth/login?redirect=%2Fpanel%2Fsoporte%2Fcursos 200 in 108ms (next.js: 52ms, proxy.ts: 23ms, application-code: 33ms)
 GET /auth/login?redirect=%2Fpanel%2Fsoporte%2Fcursos 200 in 202ms (next.js: 58ms, proxy.ts: 26ms, application-code: 118ms)
 GET /auth/login?redirect=%2Fpanel%2Fsoporte%2Fcursos 200 in 116ms (next.js: 9ms, proxy.ts: 6ms, application-code: 101ms)
 GET /auth/login?redirect=%2Fpanel%2Fsoporte%2Fcursos 200 in 47ms (next.js: 8ms, proxy.ts: 9ms, application-code: 29ms)
 GET /auth/login?redirect=%2Fpanel%2Fsoporte%2Fcursos 200 in 160ms (next.js: 68ms, proxy.ts: 36ms, application-code: 56ms)
 GET /auth/login?redirect=%2Fpanel%2Fsoporte%2Fcursos 200 in 133ms (next.js: 66ms, proxy.ts: 25ms, application-code: 42ms)
 GET /auth/login?redirect=%2Fpanel%2Fsoporte%2Fcursos 200 in 198ms (next.js: 54ms, proxy.ts: 27ms, application-code: 116ms)
 GET /auth/login?redirect=%2Fpanel%2Fsoporte%2Fcursos 200 in 82ms (next.js: 10ms, proxy.ts: 6ms, application-code: 66ms)
✓ Compiled in 496ms
 GET /auth/login?redirect=%2Fpanel%2Fsoporte%2Fcursos 200 in 244ms (next.js: 71ms, proxy.ts: 33ms, application-code: 140ms)
 GET /auth/login?redirect=%2Fpanel%2Fsoporte%2Fcursos 200 in 89ms (next.js: 11ms, proxy.ts: 13ms, application-code: 65ms)
 GET /auth/login?redirect=%2Fpanel%2Fsoporte%2Fcursos 200 in 133ms (next.js: 70ms, proxy.ts: 28ms, application-code: 36ms)
 GET /auth/login?redirect=%2Fpanel%2Fsoporte%2Fcursos 200 in 160ms (next.js: 54ms, proxy.ts: 24ms, application-code: 83ms)
 GET /auth/login?redirect=%2Fpanel%2Fsoporte%2Fcursos 200 in 50ms (next.js: 8ms, proxy.ts: 8ms, application-code: 35ms)
 GET /auth/login?redirect=%2Fpanel%2Fsoporte%2Fcursos 200 in 111ms (next.js: 53ms, proxy.ts: 23ms, application-code: 35ms)
 GET /mis-certificados 200 in 464ms (next.js: 68ms, application-code: 396ms)
 GET /verificar/test-code-123 200 in 1896ms (next.js: 1722ms, application-code: 174ms)
 GET /panel 200 in 105ms (next.js: 65ms, proxy.ts: 6ms, application-code: 34ms)
 GET /panel/soporte/certificados/plantillas 200 in 103ms (next.js: 62ms, proxy.ts: 5ms, application-code: 37ms)
 GET /panel/marketing/sliders 200 in 91ms (next.js: 58ms, proxy.ts: 4ms, application-code: 29ms)
 GET /panel/soporte/cursos 200 in 92ms (next.js: 57ms, proxy.ts: 4ms, application-code: 31ms)
 GET /panel/soporte/cursos/68e8dc50-a480-4868-8d5d-dac8de1d9e36/certificaciones 200 in 1446ms (next.js: 1406ms, proxy.ts: 5ms, application-code: 36ms)
 GET /panel/soporte/certificados/plantillas?course_id=68e8dc50-a480-4868-8d5d-dac8de1d9e36&kind=certificado 200 in 66ms (next.js: 12ms, proxy.ts: 10ms, application-code: 44ms)
 GET /panel/soporte/cursos/68e8dc50-a480-4868-8d5d-dac8de1d9e36/certificaciones 200 in 71ms (next.js: 26ms, proxy.ts: 7ms, application-code: 39ms)
 GET /panel/soporte/certificados/plantillas?module_id=514e2607-5c85-4010-8079-f9a4c375c3db&course_id=68e8dc50-a480-4868-8d5d-dac8de1d9e36 200 in 39ms (next.js: 8ms, proxy.ts: 5ms, application-code: 26ms)
 GET /panel/soporte/cursos/68e8dc50-a480-4868-8d5d-dac8de1d9e36/certificaciones 200 in 66ms (next.js: 21ms, proxy.ts: 7ms, application-code: 39ms)
 GET /panel/soporte/certificados/plantillas 200 in 41ms (next.js: 7ms, proxy.ts: 6ms, application-code: 27ms)
 GET /panel/soporte/cursos 200 in 42ms (next.js: 9ms, proxy.ts: 5ms, application-code: 28ms)
  Reload env: .env.local
 GET /auth/login?redirect=%2Fpanel%2Fsoporte%2Fcursos 200 in 748ms (next.js: 619ms, proxy.ts: 8ms, application-code: 122ms)
 GET /auth/login?redirect=%2Fpanel%2Fsoporte%2Fcursos 200 in 329ms (next.js: 151ms, proxy.ts: 94ms, application-code: 83ms)
✓ Compiled in 450ms
 GET /auth/login?redirect=%2Fpanel%2Fsoporte%2Fcursos 200 in 290ms (next.js: 134ms, proxy.ts: 81ms, application-code: 75ms)
 GET /auth/login?redirect=%2Fpanel%2Fsoporte%2Fcursos 200 in 299ms (next.js: 147ms, proxy.ts: 84ms, application-code: 68ms)
 GET /auth/login?redirect=%2Fpanel%2Fsoporte%2Fcursos 200 in 331ms (next.js: 152ms, proxy.ts: 91ms, application-code: 88ms)
 GET /auth/login?redirect=%2Fpanel%2Fsoporte%2Fcursos 200 in 394ms (next.js: 146ms, proxy.ts: 92ms, application-code: 156ms)
 GET /auth/login?redirect=%2Fpanel%2Fsoporte%2Fcursos 200 in 119ms (next.js: 9ms, proxy.ts: 7ms, application-code: 103ms)
 GET /auth/login?redirect=%2Fpanel%2Fsoporte%2Fcursos 200 in 61ms (next.js: 9ms, proxy.ts: 8ms, application-code: 43ms)
 GET /dashboard 200 in 259ms (next.js: 198ms, proxy.ts: 7ms, application-code: 54ms)
 GET /checkout 200 in 190ms (next.js: 157ms, application-code: 33ms)
[browser] NEXT_PUBLIC_MERCADOPAGO_PUBLIC_KEY no está configurada — usando llave de prueba de fallback. (src/components/organisms/MercadoPagoBrick.tsx:15:11)
 GET / 200 in 537ms (next.js: 417ms, application-code: 121ms)
 GET /dashboard 200 in 45ms (next.js: 7ms, proxy.ts: 6ms, application-code: 32ms)
 GET /mis-cursos 200 in 203ms (next.js: 151ms, proxy.ts: 5ms, application-code: 47ms)
 GET /mis-certificados 200 in 155ms (next.js: 117ms, application-code: 38ms)
 GET /auth/login 200 in 1179ms (next.js: 10ms, proxy.ts: 5ms, application-code: 1164ms)
 GET / 200 in 37ms (next.js: 7ms, application-code: 29ms)
 GET /cursos 200 in 196ms (next.js: 156ms, application-code: 40ms)
 GET / 200 in 38ms (next.js: 8ms, application-code: 31ms)
 GET /cursos 200 in 41ms (next.js: 9ms, application-code: 32ms)
 GET /auth/login 200 in 45ms (next.js: 9ms, proxy.ts: 5ms, application-code: 31ms)
 GET /dashboard 200 in 47ms (next.js: 7ms, proxy.ts: 6ms, application-code: 34ms)
 GET /checkout 200 in 37ms (next.js: 10ms, application-code: 26ms)
[browser] NEXT_PUBLIC_MERCADOPAGO_PUBLIC_KEY no está configurada — usando llave de prueba de fallback. (src/components/organisms/MercadoPagoBrick.tsx:15:11)
 GET / 200 in 252ms (next.js: 7ms, application-code: 245ms)
 GET / 200 in 68ms (next.js: 7ms, application-code: 61ms)
 GET /auth/login 200 in 72ms (next.js: 7ms, proxy.ts: 5ms, application-code: 60ms)
[browser] A tree hydrated but some attributes of the server rendered HTML didn't match the client properties. This won't be patched up. This can happen if a SSR-ed Client Component used:

- A server/client branch `if (typeof window !== 'undefined')`.
- Variable input such as `Date.now()` or `Math.random()` which changes each time it's called.
- Date formatting in a user's locale which doesn't match the server.
- External changing data without sending a snapshot of it along with the HTML.
- Invalid HTML tag nesting.

It can also happen if the client has a browser extension installed which messes with the HTML before React loaded.

https://react.dev/link/hydration-mismatch

  ...
    <HotReload globalError={[...]} webSocket={WebSocket} staticIndicatorState={{pathname:null, ...}}>
      <AppDevOverlayErrorBoundary globalError={[...]}>
        <ReplaySsrOnlyErrors>
        <DevRootHTTPAccessFallbackBoundary>
          <HTTPAccessFallbackBoundary notFound={<NotAllowedRootHTTPFallbackError>}>
            <HTTPAccessFallbackErrorBoundary pathname="/auth/login" notFound={<NotAllowedRootHTTPFallbackError>} ...>
              <RedirectBoundary>
                <RedirectErrorBoundary router={{...}}>
                  <Head>
                  <__next_root_layout_boundary__>
                    <SegmentViewNode type="layout" pagePath="layout.tsx">
                      <SegmentTrieNode>
                      <link>
                      <script>
                      <script>
                      <script>
                      <script>
                      <script>
                      <script>
                      <RootLayout>
                        <html lang="es" className="raleway_6e...">
                          <body
                            className="min-h-full flex flex-col"
-                           cz-shortcut-listen="true"
                          >
                  ...
 
 GET /dashboard 200 in 46ms (next.js: 8ms, proxy.ts: 6ms, application-code: 33ms)
 GET /cursos/figma-ux-ui 200 in 5.5s (next.js: 5.4s, application-code: 191ms)
 GET /carrito 200 in 822ms (next.js: 624ms, application-code: 198ms)
[browser] A tree hydrated but some attributes of the server rendered HTML didn't match the client properties. This won't be patched up. This can happen if a SSR-ed Client Component used:

- A server/client branch `if (typeof window !== 'undefined')`.
- Variable input such as `Date.now()` or `Math.random()` which changes each time it's called.
- Date formatting in a user's locale which doesn't match the server.
- External changing data without sending a snapshot of it along with the HTML.
- Invalid HTML tag nesting.

It can also happen if the client has a browser extension installed which messes with the HTML before React loaded.

https://react.dev/link/hydration-mismatch

  ...
    <HotReload globalError={[...]} webSocket={WebSocket} staticIndicatorState={{pathname:null, ...}}>
      <AppDevOverlayErrorBoundary globalError={[...]}>
        <ReplaySsrOnlyErrors>
        <DevRootHTTPAccessFallbackBoundary>
          <HTTPAccessFallbackBoundary notFound={<NotAllowedRootHTTPFallbackError>}>
            <HTTPAccessFallbackErrorBoundary pathname="/carrito" notFound={<NotAllowedRootHTTPFallbackError>} ...>
              <RedirectBoundary>
                <RedirectErrorBoundary router={{...}}>
                  <Head>
                  <__next_root_layout_boundary__>
                    <SegmentViewNode type="layout" pagePath="layout.tsx">
                      <SegmentTrieNode>
                      <link>
                      <script>
                      <script>
                      <script>
                      <script>
                      <script>
                      <script>
                      <RootLayout>
                        <html lang="es" className="raleway_6e...">
                          <body
                            className="min-h-full flex flex-col"
-                           cz-shortcut-listen="true"
                          >
                  ...
 
 GET /cursos/figma-ux-ui 200 in 89ms (next.js: 14ms, application-code: 75ms)
[browser] A tree hydrated but some attributes of the server rendered HTML didn't match the client properties. This won't be patched up. This can happen if a SSR-ed Client Component used:

- A server/client branch `if (typeof window !== 'undefined')`.
- Variable input such as `Date.now()` or `Math.random()` which changes each time it's called.
- Date formatting in a user's locale which doesn't match the server.
- External changing data without sending a snapshot of it along with the HTML.
- Invalid HTML tag nesting.

It can also happen if the client has a browser extension installed which messes with the HTML before React loaded.

https://react.dev/link/hydration-mismatch

  ...
    <HotReload globalError={[...]} webSocket={WebSocket} staticIndicatorState={{pathname:null, ...}}>
      <AppDevOverlayErrorBoundary globalError={[...]}>
        <ReplaySsrOnlyErrors>
        <DevRootHTTPAccessFallbackBoundary>
          <HTTPAccessFallbackBoundary notFound={<NotAllowedRootHTTPFallbackError>}>
            <HTTPAccessFallbackErrorBoundary pathname="/cursos/fi..." notFound={<NotAllowedRootHTTPFallbackError>} ...>
              <RedirectBoundary>
                <RedirectErrorBoundary router={{...}}>
                  <Head>
                  <__next_root_layout_boundary__>
                    <SegmentViewNode type="layout" pagePath="layout.tsx">
                      <SegmentTrieNode>
                      <link>
                      <script>
                      <script>
                      <script>
                      <script>
                      <script>
                      <script>
                      <RootLayout>
                        <html lang="es" className="raleway_6e...">
                          <body
                            className="min-h-full flex flex-col"
-                           cz-shortcut-listen="true"
                          >
                  ...
 
 GET /carrito 200 in 89ms (next.js: 9ms, application-code: 79ms)
 GET /carrito 200 in 80ms (next.js: 7ms, application-code: 74ms)
[browser] A tree hydrated but some attributes of the server rendered HTML didn't match the client properties. This won't be patched up. This can happen if a SSR-ed Client Component used:

- A server/client branch `if (typeof window !== 'undefined')`.
- Variable input such as `Date.now()` or `Math.random()` which changes each time it's called.
- Date formatting in a user's locale which doesn't match the server.
- External changing data without sending a snapshot of it along with the HTML.
- Invalid HTML tag nesting.

It can also happen if the client has a browser extension installed which messes with the HTML before React loaded.

https://react.dev/link/hydration-mismatch

  ...
    <HotReload globalError={[...]} webSocket={WebSocket} staticIndicatorState={{pathname:null, ...}}>
      <AppDevOverlayErrorBoundary globalError={[...]}>
        <ReplaySsrOnlyErrors>
        <DevRootHTTPAccessFallbackBoundary>
          <HTTPAccessFallbackBoundary notFound={<NotAllowedRootHTTPFallbackError>}>
            <HTTPAccessFallbackErrorBoundary pathname="/carrito" notFound={<NotAllowedRootHTTPFallbackError>} ...>
              <RedirectBoundary>
                <RedirectErrorBoundary router={{...}}>
                  <Head>
                  <__next_root_layout_boundary__>
                    <SegmentViewNode type="layout" pagePath="layout.tsx">
                      <SegmentTrieNode>
                      <link>
                      <script>
                      <script>
                      <script>
                      <script>
                      <script>
                      <script>
                      <RootLayout>
                        <html lang="es" className="raleway_6e...">
                          <body
                            className="min-h-full flex flex-col"
-                           cz-shortcut-listen="true"
                          >
                  ...
 
 GET /checkout 200 in 52ms (next.js: 11ms, application-code: 41ms)
[browser] NEXT_PUBLIC_MERCADOPAGO_PUBLIC_KEY no está configurada — usando llave de prueba de fallback. (src/components/organisms/MercadoPagoBrick.tsx:15:11)
 GET /auth/login 200 in 72ms (next.js: 7ms, proxy.ts: 4ms, application-code: 61ms)
 GET /carrito 200 in 94ms (next.js: 9ms, application-code: 85ms)
 GET /checkout 200 in 34ms (next.js: 6ms, application-code: 28ms)
[browser] NEXT_PUBLIC_MERCADOPAGO_PUBLIC_KEY no está configurada — usando llave de prueba de fallback. (src/components/organisms/MercadoPagoBrick.tsx:15:11)
 GET /carrito 200 in 83ms (next.js: 7ms, application-code: 76ms)
 GET /carrito 200 in 88ms (next.js: 7ms, application-code: 81ms)
[browser] A tree hydrated but some attributes of the server rendered HTML didn't match the client properties. This won't be patched up. This can happen if a SSR-ed Client Component used:

- A server/client branch `if (typeof window !== 'undefined')`.
- Variable input such as `Date.now()` or `Math.random()` which changes each time it's called.
- Date formatting in a user's locale which doesn't match the server.
- External changing data without sending a snapshot of it along with the HTML.
- Invalid HTML tag nesting.

It can also happen if the client has a browser extension installed which messes with the HTML before React loaded.

https://react.dev/link/hydration-mismatch

  ...
    <HotReload globalError={[...]} webSocket={WebSocket} staticIndicatorState={{pathname:null, ...}}>
      <AppDevOverlayErrorBoundary globalError={[...]}>
        <ReplaySsrOnlyErrors>
        <DevRootHTTPAccessFallbackBoundary>
          <HTTPAccessFallbackBoundary notFound={<NotAllowedRootHTTPFallbackError>}>
            <HTTPAccessFallbackErrorBoundary pathname="/carrito" notFound={<NotAllowedRootHTTPFallbackError>} ...>
              <RedirectBoundary>
                <RedirectErrorBoundary router={{...}}>
                  <Head>
                  <__next_root_layout_boundary__>
                    <SegmentViewNode type="layout" pagePath="layout.tsx">
                      <SegmentTrieNode>
                      <link>
                      <script>
                      <script>
                      <script>
                      <script>
                      <script>
                      <script>
                      <RootLayout>
                        <html lang="es" className="raleway_6e...">
                          <body
                            className="min-h-full flex flex-col"
-                           cz-shortcut-listen="true"
                          >
                  ...
 
 GET /checkout 200 in 43ms (next.js: 12ms, application-code: 30ms)
[browser] NEXT_PUBLIC_MERCADOPAGO_PUBLIC_KEY no está configurada — usando llave de prueba de fallback. (src/components/organisms/MercadoPagoBrick.tsx:15:11)
 GET / 200 in 32ms (next.js: 9ms, application-code: 23ms)
 GET /cursos 200 in 37ms (next.js: 9ms, application-code: 28ms)
 GET /cursos/nodejs-avanzado 200 in 51ms (next.js: 14ms, application-code: 38ms)
 GET /checkout 200 in 34ms (next.js: 7ms, application-code: 27ms)
[browser] Error al obtener la sesión de Mercado Pago: AxiosError: Request failed with status code 500 (src/components/organisms/MercadoPagoBrick.tsx:46:17)
[browser] Error al obtener la sesión de Mercado Pago: AxiosError: Request failed with status code 500 (src/components/organisms/MercadoPagoBrick.tsx:46:17)
[browser] Error al obtener la sesión de Mercado Pago: AxiosError: Request failed with status code 500 (src/components/organisms/MercadoPagoBrick.tsx:46:17)
[browser] NEXT_PUBLIC_CULQI_PUBLIC_KEY no está configurada. (src/components/organisms/CulqiCheckout.tsx:45:15)
[browser] NEXT_PUBLIC_CULQI_PUBLIC_KEY no está configurada. (src/components/organisms/CulqiCheckout.tsx:45:15)
[browser] Error al iniciar orden de PayPal: AxiosError: Request failed with status code 500 (src/components/organisms/PayPalButtonComponent.tsx:39:15)
[browser] PayPal Smart Buttons Error: Error: Request failed with status code 500
    at ao.error (https://www.paypal.com/sdk/js?client-id=AcA7lkNQIguA9sGXvvNRl8hq_tbqU2KqAbAB6fQNe5rUmSaO0yUS7co0qL8TC3j8g4nQ7npkUhSaUKWA&currency=USD&intent=capture:3:75867)
    at Object.<anonymous> (https://www.paypal.com/sdk/js?client-id=AcA7lkNQIguA9sGXvvNRl8hq_tbqU2KqAbAB6fQNe5rUmSaO0yUS7co0qL8TC3j8g4nQ7npkUhSaUKWA&currency=USD&intent=capture:3:84252)
    at JSON.parse (<anonymous>)
    at o (https://www.paypal.com/sdk/js?client-id=AcA7lkNQIguA9sGXvvNRl8hq_tbqU2KqAbAB6fQNe5rUmSaO0yUS7co0qL8TC3j8g4nQ7npkUhSaUKWA&currency=USD&intent=capture:3:84111)
    at wo (https://www.paypal.com/sdk/js?client-id=AcA7lkNQIguA9sGXvvNRl8hq_tbqU2KqAbAB6fQNe5rUmSaO0yUS7co0qL8TC3j8g4nQ7npkUhSaUKWA&currency=USD&intent=capture:3:84264)
    at So.u.on (https://www.paypal.com/sdk/js?client-id=AcA7lkNQIguA9sGXvvNRl8hq_tbqU2KqAbAB6fQNe5rUmSaO0yUS7co0qL8TC3j8g4nQ7npkUhSaUKWA&currency=USD&intent=capture:3:88851)
    at So (https://www.paypal.com/sdk/js?client-id=AcA7lkNQIguA9sGXvvNRl8hq_tbqU2KqAbAB6fQNe5rUmSaO0yUS7co0qL8TC3j8g4nQ7npkUhSaUKWA&currency=USD&intent=capture:3:88971)
    at <unknown> (https://www.paypal.com/sdk/js?client-id=AcA7lkNQIguA9sGXvvNRl8hq_tbqU2KqAbAB6fQNe5rUmSaO0yUS7co0qL8TC3j8g4nQ7npkUhSaUKWA&currency=USD&intent=capture:3:95295)
    at n.try (https://www.paypal.com/sdk/js?client-id=AcA7lkNQIguA9sGXvvNRl8hq_tbqU2KqAbAB6fQNe5rUmSaO0yUS7co0qL8TC3j8g4nQ7npkUhSaUKWA&currency=USD&intent=capture:3:17556)
    at <unknown> (https://www.paypal.com/sdk/js?client-id=AcA7lkNQIguA9sGXvvNRl8hq_tbqU2KqAbAB6fQNe5rUmSaO0yUS7co0qL8TC3j8g4nQ7npkUhSaUKWA&currency=USD&intent=capture:3:95092)
    at ao.error (https://www.paypal.com/sdk/js?client-id=AcA7lkNQIguA9sGXvvNRl8hq_tbqU2KqAbAB6fQNe5rUmSaO0yUS7co0qL8TC3j8g4nQ7npkUhSaUKWA&currency=USD&intent=capture:3:75867)
    at Array.<anonymous> (https://www.paypal.com/sdk/js?client-id=AcA7lkNQIguA9sGXvvNRl8hq_tbqU2KqAbAB6fQNe5rUmSaO0yUS7co0qL8TC3j8g4nQ7npkUhSaUKWA&currency=USD&intent=capture:3:84252)
    at JSON.parse (<anonymous>)
    at o (https://www.paypal.com/sdk/js?client-id=AcA7lkNQIguA9sGXvvNRl8hq_tbqU2KqAbAB6fQNe5rUmSaO0yUS7co0qL8TC3j8g4nQ7npkUhSaUKWA&currency=USD&intent=capture:3:84111)
    at wo (https://www.paypal.com/sdk/js?client-id=AcA7lkNQIguA9sGXvvNRl8hq_tbqU2KqAbAB6fQNe5rUmSaO0yUS7co0qL8TC3j8g4nQ7npkUhSaUKWA&currency=USD&intent=capture:3:84264)
    at So.u.on (https://www.paypal.com/sdk/js?client-id=AcA7lkNQIguA9sGXvvNRl8hq_tbqU2KqAbAB6fQNe5rUmSaO0yUS7co0qL8TC3j8g4nQ7npkUhSaUKWA&currency=USD&intent=capture:3:88851)
    at So (https://www.paypal.com/sdk/js?client-id=AcA7lkNQIguA9sGXvvNRl8hq_tbqU2KqAbAB6fQNe5rUmSaO0yUS7co0qL8TC3j8g4nQ7npkUhSaUKWA&currency=USD&intent=capture:3:88971)
    at <unknown> (https://www.paypal.com/sdk/js?client-id=AcA7lkNQIguA9sGXvvNRl8hq_tbqU2KqAbAB6fQNe5rUmSaO0yUS7co0qL8TC3j8g4nQ7npkUhSaUKWA&currency=USD&intent=capture:3:95295)
    at n.try (https://www.paypal.com/sdk/js?client-id=AcA7lkNQIguA9sGXvvNRl8hq_tbqU2KqAbAB6fQNe5rUmSaO0yUS7co0qL8TC3j8g4nQ7npkUhSaUKWA&currency=USD&intent=capture:3:17556)
    at <unknown> (https://www.paypal.com/sdk/js?client-id=AcA7lkNQIguA9sGXvvNRl8hq_tbqU2KqAbAB6fQNe5rUmSaO0yUS7co0qL8TC3j8g4nQ7npkUhSaUKWA&currency=USD&intent=capture:3:95092)
    at <unknown> (https://www.paypal.com/sdk/js?client-id=AcA7lkNQIguA9sGXvvNRl8hq_tbqU2KqAbAB6fQNe5rUmSaO0yUS7co0qL8TC3j8g4nQ7npkUhSaUKWA&currency=USD&intent=capture:3:95344) 
(src/components/organisms/PayPalButtonComponent.tsx:84:21)
 GET /cursos 200 in 47ms (next.js: 11ms, application-code: 36ms)
Failed to proxy http://localhost:4000/uploads/courses/1783950691660-865373914.png AggregateError: 
    at ignore-listed frames {
  code: 'ECONNREFUSED',
  [errors]: [
    Error: connect ECONNREFUSED ::1:4000
        at <unknown> (Error: connect ECONNREFUSED ::1:4000) {
      errno: -4078,
      code: 'ECONNREFUSED',
      syscall: 'connect',
      address: '::1',
      port: 4000
    },
    Error: connect ECONNREFUSED 127.0.0.1:4000
        at <unknown> (Error: connect ECONNREFUSED 127.0.0.1:4000) {
      errno: -4078,
      code: 'ECONNREFUSED',
      syscall: 'connect',
      address: '127.0.0.1',
      port: 4000
    }
  ]
}
AggregateError: 
    at ignore-listed frames {
  code: 'ECONNREFUSED',
  [errors]: [
    Error: connect ECONNREFUSED ::1:4000
        at <unknown> (Error: connect ECONNREFUSED ::1:4000) {
      errno: -4078,
      code: 'ECONNREFUSED',
      syscall: 'connect',
      address: '::1',
      port: 4000
    },
    Error: connect ECONNREFUSED 127.0.0.1:4000
        at <unknown> (Error: connect ECONNREFUSED 127.0.0.1:4000) {
      errno: -4078,
      code: 'ECONNREFUSED',
      syscall: 'connect',
      address: '127.0.0.1',
      port: 4000
    }
  ]
}
Failed to proxy http://localhost:4000/uploads/courses/1783950728875-376099454.jpeg AggregateError: 
    at ignore-listed frames {
  code: 'ECONNREFUSED',
  [errors]: [
    Error: connect ECONNREFUSED ::1:4000
        at <unknown> (Error: connect ECONNREFUSED ::1:4000) {
      errno: -4078,
      code: 'ECONNREFUSED',
      syscall: 'connect',
      address: '::1',
      port: 4000
    },
    Error: connect ECONNREFUSED 127.0.0.1:4000
        at <unknown> (Error: connect ECONNREFUSED 127.0.0.1:4000) {
      errno: -4078,
      code: 'ECONNREFUSED',
      syscall: 'connect',
      address: '127.0.0.1',
      port: 4000
    }
  ]
}
AggregateError: 
    at ignore-listed frames {
  code: 'ECONNREFUSED',
  [errors]: [
    Error: connect ECONNREFUSED ::1:4000
        at <unknown> (Error: connect ECONNREFUSED ::1:4000) {
      errno: -4078,
      code: 'ECONNREFUSED',
      syscall: 'connect',
      address: '::1',
      port: 4000
    },
    Error: connect ECONNREFUSED 127.0.0.1:4000
        at <unknown> (Error: connect ECONNREFUSED 127.0.0.1:4000) {
      errno: -4078,
      code: 'ECONNREFUSED',
      syscall: 'connect',
      address: '127.0.0.1',
      port: 4000
    }
  ]
}
Failed to proxy http://localhost:4000/uploads/courses/1783950632855-769817501.png AggregateError: 
    at ignore-listed frames {
  code: 'ECONNREFUSED',
  [errors]: [
    Error: connect ECONNREFUSED ::1:4000
        at <unknown> (Error: connect ECONNREFUSED ::1:4000) {
      errno: -4078,
      code: 'ECONNREFUSED',
      syscall: 'connect',
      address: '::1',
      port: 4000
    },
    Error: connect ECONNREFUSED 127.0.0.1:4000
        at <unknown> (Error: connect ECONNREFUSED 127.0.0.1:4000) {
      errno: -4078,
      code: 'ECONNREFUSED',
      syscall: 'connect',
      address: '127.0.0.1',
      port: 4000
    }
  ]
}
AggregateError: 
    at ignore-listed frames {
  code: 'ECONNREFUSED',
  [errors]: [
    Error: connect ECONNREFUSED ::1:4000
        at <unknown> (Error: connect ECONNREFUSED ::1:4000) {
      errno: -4078,
      code: 'ECONNREFUSED',
      syscall: 'connect',
      address: '::1',
      port: 4000
    },
    Error: connect ECONNREFUSED 127.0.0.1:4000
        at <unknown> (Error: connect ECONNREFUSED 127.0.0.1:4000) {
      errno: -4078,
      code: 'ECONNREFUSED',
      syscall: 'connect',
      address: '127.0.0.1',
      port: 4000
    }
  ]
}
Failed to proxy http://localhost:4000/uploads/courses/1783950705057-369497689.png AggregateError: 
    at ignore-listed frames {
  code: 'ECONNREFUSED',
  [errors]: [
    Error: connect ECONNREFUSED ::1:4000
        at <unknown> (Error: connect ECONNREFUSED ::1:4000) {
      errno: -4078,
      code: 'ECONNREFUSED',
      syscall: 'connect',
      address: '::1',
      port: 4000
    },
    Error: connect ECONNREFUSED 127.0.0.1:4000
        at <unknown> (Error: connect ECONNREFUSED 127.0.0.1:4000) {
      errno: -4078,
      code: 'ECONNREFUSED',
      syscall: 'connect',
      address: '127.0.0.1',
      port: 4000
    }
  ]
}
AggregateError: 
    at ignore-listed frames {
  code: 'ECONNREFUSED',
  [errors]: [
    Error: connect ECONNREFUSED ::1:4000
        at <unknown> (Error: connect ECONNREFUSED ::1:4000) {
      errno: -4078,
      code: 'ECONNREFUSED',
      syscall: 'connect',
      address: '::1',
      port: 4000
    },
    Error: connect ECONNREFUSED 127.0.0.1:4000
        at <unknown> (Error: connect ECONNREFUSED 127.0.0.1:4000) {
      errno: -4078,
      code: 'ECONNREFUSED',
      syscall: 'connect',
      address: '127.0.0.1',
      port: 4000
    }
  ]
}
Failed to proxy http://localhost:4000/api/student/enrollments AggregateError: 
    at ignore-listed frames {
  code: 'ECONNREFUSED',
  [errors]: [
    Error: connect ECONNREFUSED ::1:4000
        at <unknown> (Error: connect ECONNREFUSED ::1:4000) {
      errno: -4078,
      code: 'ECONNREFUSED',
      syscall: 'connect',
      address: '::1',
      port: 4000
    },
    Error: connect ECONNREFUSED 127.0.0.1:4000
        at <unknown> (Error: connect ECONNREFUSED 127.0.0.1:4000) {
      errno: -4078,
      code: 'ECONNREFUSED',
      syscall: 'connect',
      address: '127.0.0.1',
      port: 4000
    }
  ]
}
AggregateError: 
    at ignore-listed frames {
  code: 'ECONNREFUSED',
  [errors]: [
    Error: connect ECONNREFUSED ::1:4000
        at <unknown> (Error: connect ECONNREFUSED ::1:4000) {
      errno: -4078,
      code: 'ECONNREFUSED',
      syscall: 'connect',
      address: '::1',
      port: 4000
    },
    Error: connect ECONNREFUSED 127.0.0.1:4000
        at <unknown> (Error: connect ECONNREFUSED 127.0.0.1:4000) {
      errno: -4078,
      code: 'ECONNREFUSED',
      syscall: 'connect',
      address: '127.0.0.1',
      port: 4000
    }
  ]
}
Failed to proxy http://localhost:4000/api/courses/catalog?status=published&page=1&limit=12&sort=recent AggregateError: 
    at ignore-listed frames {
  code: 'ECONNREFUSED',
  [errors]: [
    Error: connect ECONNREFUSED ::1:4000
        at <unknown> (Error: connect ECONNREFUSED ::1:4000) {
      errno: -4078,
      code: 'ECONNREFUSED',
      syscall: 'connect',
      address: '::1',
      port: 4000
    },
    Error: connect ECONNREFUSED 127.0.0.1:4000
        at <unknown> (Error: connect ECONNREFUSED 127.0.0.1:4000) {
      errno: -4078,
      code: 'ECONNREFUSED',
      syscall: 'connect',
      address: '127.0.0.1',
      port: 4000
    }
  ]
}
AggregateError: 
    at ignore-listed frames {
  code: 'ECONNREFUSED',
  [errors]: [
    Error: connect ECONNREFUSED ::1:4000
        at <unknown> (Error: connect ECONNREFUSED ::1:4000) {
      errno: -4078,
      code: 'ECONNREFUSED',
      syscall: 'connect',
      address: '::1',
      port: 4000
    },
    Error: connect ECONNREFUSED 127.0.0.1:4000
        at <unknown> (Error: connect ECONNREFUSED 127.0.0.1:4000) {
      errno: -4078,
      code: 'ECONNREFUSED',
      syscall: 'connect',
      address: '127.0.0.1',
      port: 4000
    }
  ]
}
 GET / 200 in 40ms (next.js: 10ms, application-code: 31ms)
Failed to proxy http://localhost:4000/uploads/sliders/1783901923387-936790940.png AggregateError: 
    at ignore-listed frames {
  code: 'ECONNREFUSED',
  [errors]: [
    Error: connect ECONNREFUSED ::1:4000
        at <unknown> (Error: connect ECONNREFUSED ::1:4000) {
      errno: -4078,
      code: 'ECONNREFUSED',
      syscall: 'connect',
      address: '::1',
      port: 4000
    },
    Error: connect ECONNREFUSED 127.0.0.1:4000
        at <unknown> (Error: connect ECONNREFUSED 127.0.0.1:4000) {
      errno: -4078,
      code: 'ECONNREFUSED',
      syscall: 'connect',
      address: '127.0.0.1',
      port: 4000
    }
  ]
}
AggregateError: 
    at ignore-listed frames {
  code: 'ECONNREFUSED',
  [errors]: [
    Error: connect ECONNREFUSED ::1:4000
        at <unknown> (Error: connect ECONNREFUSED ::1:4000) {
      errno: -4078,
      code: 'ECONNREFUSED',
      syscall: 'connect',
      address: '::1',
      port: 4000
    },
    Error: connect ECONNREFUSED 127.0.0.1:4000
        at <unknown> (Error: connect ECONNREFUSED 127.0.0.1:4000) {
      errno: -4078,
      code: 'ECONNREFUSED',
      syscall: 'connect',
      address: '127.0.0.1',
      port: 4000
    }
  ]
}
Failed to proxy http://localhost:4000/uploads/promotions/1783905175533-800036286.jpeg AggregateError: 
    at ignore-listed frames {
  code: 'ECONNREFUSED',
  [errors]: [
    Error: connect ECONNREFUSED ::1:4000
        at <unknown> (Error: connect ECONNREFUSED ::1:4000) {
      errno: -4078,
      code: 'ECONNREFUSED',
      syscall: 'connect',
      address: '::1',
      port: 4000
    },
    Error: connect ECONNREFUSED 127.0.0.1:4000
        at <unknown> (Error: connect ECONNREFUSED 127.0.0.1:4000) {
      errno: -4078,
      code: 'ECONNREFUSED',
      syscall: 'connect',
      address: '127.0.0.1',
      port: 4000
    }
  ]
}
AggregateError: 
    at ignore-listed frames {
  code: 'ECONNREFUSED',
  [errors]: [
    Error: connect ECONNREFUSED ::1:4000
        at <unknown> (Error: connect ECONNREFUSED ::1:4000) {
      errno: -4078,
      code: 'ECONNREFUSED',
      syscall: 'connect',
      address: '::1',
      port: 4000
    },
    Error: connect ECONNREFUSED 127.0.0.1:4000
        at <unknown> (Error: connect ECONNREFUSED 127.0.0.1:4000) {
      errno: -4078,
      code: 'ECONNREFUSED',
      syscall: 'connect',
      address: '127.0.0.1',
      port: 4000
    }
  ]
}
Failed to proxy http://localhost:4000/uploads/upcoming-launches/1783887844618-328522347.png AggregateError: 
    at ignore-listed frames {
  code: 'ECONNREFUSED',
  [errors]: [
    Error: connect ECONNREFUSED ::1:4000
        at <unknown> (Error: connect ECONNREFUSED ::1:4000) {
      errno: -4078,
      code: 'ECONNREFUSED',
      syscall: 'connect',
      address: '::1',
      port: 4000
    },
    Error: connect ECONNREFUSED 127.0.0.1:4000
        at <unknown> (Error: connect ECONNREFUSED 127.0.0.1:4000) {
      errno: -4078,
      code: 'ECONNREFUSED',
      syscall: 'connect',
      address: '127.0.0.1',
      port: 4000
    }
  ]
}
AggregateError: 
    at ignore-listed frames {
  code: 'ECONNREFUSED',
  [errors]: [
    Error: connect ECONNREFUSED ::1:4000
        at <unknown> (Error: connect ECONNREFUSED ::1:4000) {
      errno: -4078,
      code: 'ECONNREFUSED',
      syscall: 'connect',
      address: '::1',
      port: 4000
    },
    Error: connect ECONNREFUSED 127.0.0.1:4000
        at <unknown> (Error: connect ECONNREFUSED 127.0.0.1:4000) {
      errno: -4078,
      code: 'ECONNREFUSED',
      syscall: 'connect',
      address: '127.0.0.1',
      port: 4000
    }
  ]
}
Failed to proxy http://localhost:4000/uploads/upcoming-launches/1783951222814-404963.jpeg AggregateError: 
    at ignore-listed frames {
  code: 'ECONNREFUSED',
  [errors]: [
    Error: connect ECONNREFUSED ::1:4000
        at <unknown> (Error: connect ECONNREFUSED ::1:4000) {
      errno: -4078,
      code: 'ECONNREFUSED',
      syscall: 'connect',
      address: '::1',
      port: 4000
    },
    Error: connect ECONNREFUSED 127.0.0.1:4000
        at <unknown> (Error: connect ECONNREFUSED 127.0.0.1:4000) {
      errno: -4078,
      code: 'ECONNREFUSED',
      syscall: 'connect',
      address: '127.0.0.1',
      port: 4000
    }
  ]
}
AggregateError: 
    at ignore-listed frames {
  code: 'ECONNREFUSED',
  [errors]: [
    Error: connect ECONNREFUSED ::1:4000
        at <unknown> (Error: connect ECONNREFUSED ::1:4000) {
      errno: -4078,
      code: 'ECONNREFUSED',
      syscall: 'connect',
      address: '::1',
      port: 4000
    },
    Error: connect ECONNREFUSED 127.0.0.1:4000
        at <unknown> (Error: connect ECONNREFUSED 127.0.0.1:4000) {
      errno: -4078,
      code: 'ECONNREFUSED',
      syscall: 'connect',
      address: '127.0.0.1',
      port: 4000
    }
  ]
}
Failed to proxy http://localhost:4000/uploads/upcoming-launches/1783951300204-564981924.jpeg AggregateError: 
    at ignore-listed frames {
  code: 'ECONNREFUSED',
  [errors]: [
    Error: connect ECONNREFUSED ::1:4000
        at <unknown> (Error: connect ECONNREFUSED ::1:4000) {
      errno: -4078,
      code: 'ECONNREFUSED',
      syscall: 'connect',
      address: '::1',
      port: 4000
    },
    Error: connect ECONNREFUSED 127.0.0.1:4000
        at <unknown> (Error: connect ECONNREFUSED 127.0.0.1:4000) {
      errno: -4078,
      code: 'ECONNREFUSED',
      syscall: 'connect',
      address: '127.0.0.1',
      port: 4000
    }
  ]
}
AggregateError: 
    at ignore-listed frames {
  code: 'ECONNREFUSED',
  [errors]: [
    Error: connect ECONNREFUSED ::1:4000
        at <unknown> (Error: connect ECONNREFUSED ::1:4000) {
      errno: -4078,
      code: 'ECONNREFUSED',
      syscall: 'connect',
      address: '::1',
      port: 4000
    },
    Error: connect ECONNREFUSED 127.0.0.1:4000
        at <unknown> (Error: connect ECONNREFUSED 127.0.0.1:4000) {
      errno: -4078,
      code: 'ECONNREFUSED',
      syscall: 'connect',
      address: '127.0.0.1',
      port: 4000
    }
  ]
}
Failed to proxy http://localhost:4000/uploads/upcoming-launches/1783951350757-14592001.jpeg AggregateError: 
    at ignore-listed frames {
  code: 'ECONNREFUSED',
  [errors]: [
    Error: connect ECONNREFUSED ::1:4000
        at <unknown> (Error: connect ECONNREFUSED ::1:4000) {
      errno: -4078,
      code: 'ECONNREFUSED',
      syscall: 'connect',
      address: '::1',
      port: 4000
    },
    Error: connect ECONNREFUSED 127.0.0.1:4000
        at <unknown> (Error: connect ECONNREFUSED 127.0.0.1:4000) {
      errno: -4078,
      code: 'ECONNREFUSED',
      syscall: 'connect',
      address: '127.0.0.1',
      port: 4000
    }
  ]
}
AggregateError: 
    at ignore-listed frames {
  code: 'ECONNREFUSED',
  [errors]: [
    Error: connect ECONNREFUSED ::1:4000
        at <unknown> (Error: connect ECONNREFUSED ::1:4000) {
      errno: -4078,
      code: 'ECONNREFUSED',
      syscall: 'connect',
      address: '::1',
      port: 4000
    },
    Error: connect ECONNREFUSED 127.0.0.1:4000
        at <unknown> (Error: connect ECONNREFUSED 127.0.0.1:4000) {
      errno: -4078,
      code: 'ECONNREFUSED',
      syscall: 'connect',
      address: '127.0.0.1',
      port: 4000
    }
  ]
}
Failed to proxy http://localhost:4000/uploads/courses/1783950747029-450656450.jpeg AggregateError: 
    at ignore-listed frames {
  code: 'ECONNREFUSED',
  [errors]: [
    Error: connect ECONNREFUSED ::1:4000
        at <unknown> (Error: connect ECONNREFUSED ::1:4000) {
      errno: -4078,
      code: 'ECONNREFUSED',
      syscall: 'connect',
      address: '::1',
      port: 4000
    },
    Error: connect ECONNREFUSED 127.0.0.1:4000
        at <unknown> (Error: connect ECONNREFUSED 127.0.0.1:4000) {
      errno: -4078,
      code: 'ECONNREFUSED',
      syscall: 'connect',
      address: '127.0.0.1',
      port: 4000
    }
  ]
}
AggregateError: 
    at ignore-listed frames {
  code: 'ECONNREFUSED',
  [errors]: [
    Error: connect ECONNREFUSED ::1:4000
        at <unknown> (Error: connect ECONNREFUSED ::1:4000) {
      errno: -4078,
      code: 'ECONNREFUSED',
      syscall: 'connect',
      address: '::1',
      port: 4000
    },
    Error: connect ECONNREFUSED 127.0.0.1:4000
        at <unknown> (Error: connect ECONNREFUSED 127.0.0.1:4000) {
      errno: -4078,
      code: 'ECONNREFUSED',
      syscall: 'connect',
      address: '127.0.0.1',
      port: 4000
    }
  ]
}
Failed to proxy http://localhost:4000/uploads/courses/1783950691660-865373914.png AggregateError: 
    at ignore-listed frames {
  code: 'ECONNREFUSED',
  [errors]: [
    Error: connect ECONNREFUSED ::1:4000
        at <unknown> (Error: connect ECONNREFUSED ::1:4000) {
      errno: -4078,
      code: 'ECONNREFUSED',
      syscall: 'connect',
      address: '::1',
      port: 4000
    },
    Error: connect ECONNREFUSED 127.0.0.1:4000
        at <unknown> (Error: connect ECONNREFUSED 127.0.0.1:4000) {
      errno: -4078,
      code: 'ECONNREFUSED',
      syscall: 'connect',
      address: '127.0.0.1',
      port: 4000
    }
  ]
}
AggregateError: 
    at ignore-listed frames {
  code: 'ECONNREFUSED',
  [errors]: [
    Error: connect ECONNREFUSED ::1:4000
        at <unknown> (Error: connect ECONNREFUSED ::1:4000) {
      errno: -4078,
      code: 'ECONNREFUSED',
      syscall: 'connect',
      address: '::1',
      port: 4000
    },
    Error: connect ECONNREFUSED 127.0.0.1:4000
        at <unknown> (Error: connect ECONNREFUSED 127.0.0.1:4000) {
      errno: -4078,
      code: 'ECONNREFUSED',
      syscall: 'connect',
      address: '127.0.0.1',
      port: 4000
    }
  ]
}
Failed to proxy http://localhost:4000/api/scroll-popups?vigente=true AggregateError: 
    at ignore-listed frames {
  code: 'ECONNREFUSED',
  [errors]: [
    Error: connect ECONNREFUSED ::1:4000
        at <unknown> (Error: connect ECONNREFUSED ::1:4000) {
      errno: -4078,
      code: 'ECONNREFUSED',
      syscall: 'connect',
      address: '::1',
      port: 4000
    },
    Error: connect ECONNREFUSED 127.0.0.1:4000
        at <unknown> (Error: connect ECONNREFUSED 127.0.0.1:4000) {
      errno: -4078,
      code: 'ECONNREFUSED',
      syscall: 'connect',
      address: '127.0.0.1',
      port: 4000
    }
  ]
}
AggregateError: 
    at ignore-listed frames {
  code: 'ECONNREFUSED',
  [errors]: [
    Error: connect ECONNREFUSED ::1:4000
        at <unknown> (Error: connect ECONNREFUSED ::1:4000) {
      errno: -4078,
      code: 'ECONNREFUSED',
      syscall: 'connect',
      address: '::1',
      port: 4000
    },
    Error: connect ECONNREFUSED 127.0.0.1:4000
        at <unknown> (Error: connect ECONNREFUSED 127.0.0.1:4000) {
      errno: -4078,
      code: 'ECONNREFUSED',
      syscall: 'connect',
      address: '127.0.0.1',
      port: 4000
    }
  ]
}
Failed to proxy http://localhost:4000/api/sliders AggregateError: 
    at ignore-listed frames {
  code: 'ECONNREFUSED',
  [errors]: [
    Error: connect ECONNREFUSED ::1:4000
        at <unknown> (Error: connect ECONNREFUSED ::1:4000) {
      errno: -4078,
      code: 'ECONNREFUSED',
      syscall: 'connect',
      address: '::1',
      port: 4000
    },
    Error: connect ECONNREFUSED 127.0.0.1:4000
        at <unknown> (Error: connect ECONNREFUSED 127.0.0.1:4000) {
      errno: -4078,
      code: 'ECONNREFUSED',
      syscall: 'connect',
      address: '127.0.0.1',
      port: 4000
    }
  ]
}
AggregateError: 
    at ignore-listed frames {
  code: 'ECONNREFUSED',
  [errors]: [
    Error: connect ECONNREFUSED ::1:4000
        at <unknown> (Error: connect ECONNREFUSED ::1:4000) {
      errno: -4078,
      code: 'ECONNREFUSED',
      syscall: 'connect',
      address: '::1',
      port: 4000
    },
    Error: connect ECONNREFUSED 127.0.0.1:4000
        at <unknown> (Error: connect ECONNREFUSED 127.0.0.1:4000) {
      errno: -4078,
      code: 'ECONNREFUSED',
      syscall: 'connect',
      address: '127.0.0.1',
      port: 4000
    }
  ]
}
Failed to proxy http://localhost:4000/api/promociones?vigente=true AggregateError: 
    at ignore-listed frames {
  code: 'ECONNREFUSED',
  [errors]: [
    Error: connect ECONNREFUSED ::1:4000
        at <unknown> (Error: connect ECONNREFUSED ::1:4000) {
      errno: -4078,
      code: 'ECONNREFUSED',
      syscall: 'connect',
      address: '::1',
      port: 4000
    },
    Error: connect ECONNREFUSED 127.0.0.1:4000
        at <unknown> (Error: connect ECONNREFUSED 127.0.0.1:4000) {
      errno: -4078,
      code: 'ECONNREFUSED',
      syscall: 'connect',
      address: '127.0.0.1',
      port: 4000
    }
  ]
}
AggregateError: 
    at ignore-listed frames {
  code: 'ECONNREFUSED',
  [errors]: [
    Error: connect ECONNREFUSED ::1:4000
        at <unknown> (Error: connect ECONNREFUSED ::1:4000) {
      errno: -4078,
      code: 'ECONNREFUSED',
      syscall: 'connect',
      address: '::1',
      port: 4000
    },
    Error: connect ECONNREFUSED 127.0.0.1:4000
        at <unknown> (Error: connect ECONNREFUSED 127.0.0.1:4000) {
      errno: -4078,
      code: 'ECONNREFUSED',
      syscall: 'connect',
      address: '127.0.0.1',
      port: 4000
    }
  ]
}
Failed to proxy http://localhost:4000/api/lanzamientos?vigente=true AggregateError: 
    at ignore-listed frames {
  code: 'ECONNREFUSED',
  [errors]: [
    Error: connect ECONNREFUSED ::1:4000
        at <unknown> (Error: connect ECONNREFUSED ::1:4000) {
      errno: -4078,
      code: 'ECONNREFUSED',
      syscall: 'connect',
      address: '::1',
      port: 4000
    },
    Error: connect ECONNREFUSED 127.0.0.1:4000
        at <unknown> (Error: connect ECONNREFUSED 127.0.0.1:4000) {
      errno: -4078,
      code: 'ECONNREFUSED',
      syscall: 'connect',
      address: '127.0.0.1',
      port: 4000
    }
  ]
}
AggregateError: 
    at ignore-listed frames {
  code: 'ECONNREFUSED',
  [errors]: [
    Error: connect ECONNREFUSED ::1:4000
        at <unknown> (Error: connect ECONNREFUSED ::1:4000) {
      errno: -4078,
      code: 'ECONNREFUSED',
      syscall: 'connect',
      address: '::1',
      port: 4000
    },
    Error: connect ECONNREFUSED 127.0.0.1:4000
        at <unknown> (Error: connect ECONNREFUSED 127.0.0.1:4000) {
      errno: -4078,
      code: 'ECONNREFUSED',
      syscall: 'connect',
      address: '127.0.0.1',
      port: 4000
    }
  ]
}
Failed to proxy http://localhost:4000/api/softwares?vigente=true AggregateError: 
    at ignore-listed frames {
  code: 'ECONNREFUSED',
  [errors]: [
    Error: connect ECONNREFUSED ::1:4000
        at <unknown> (Error: connect ECONNREFUSED ::1:4000) {
      errno: -4078,
      code: 'ECONNREFUSED',
      syscall: 'connect',
      address: '::1',
      port: 4000
    },
    Error: connect ECONNREFUSED 127.0.0.1:4000
        at <unknown> (Error: connect ECONNREFUSED 127.0.0.1:4000) {
      errno: -4078,
      code: 'ECONNREFUSED',
      syscall: 'connect',
      address: '127.0.0.1',
      port: 4000
    }
  ]
}
AggregateError: 
    at ignore-listed frames {
  code: 'ECONNREFUSED',
  [errors]: [
    Error: connect ECONNREFUSED ::1:4000
        at <unknown> (Error: connect ECONNREFUSED ::1:4000) {
      errno: -4078,
      code: 'ECONNREFUSED',
      syscall: 'connect',
      address: '::1',
      port: 4000
    },
    Error: connect ECONNREFUSED 127.0.0.1:4000
        at <unknown> (Error: connect ECONNREFUSED 127.0.0.1:4000) {
      errno: -4078,
      code: 'ECONNREFUSED',
      syscall: 'connect',
      address: '127.0.0.1',
      port: 4000
    }
  ]
}
Failed to proxy http://localhost:4000/api/docentes?vigente=true AggregateError: 
    at ignore-listed frames {
  code: 'ECONNREFUSED',
  [errors]: [
    Error: connect ECONNREFUSED ::1:4000
        at <unknown> (Error: connect ECONNREFUSED ::1:4000) {
      errno: -4078,
      code: 'ECONNREFUSED',
      syscall: 'connect',
      address: '::1',
      port: 4000
    },
    Error: connect ECONNREFUSED 127.0.0.1:4000
        at <unknown> (Error: connect ECONNREFUSED 127.0.0.1:4000) {
      errno: -4078,
      code: 'ECONNREFUSED',
      syscall: 'connect',
      address: '127.0.0.1',
      port: 4000
    }
  ]
}
AggregateError: 
    at ignore-listed frames {
  code: 'ECONNREFUSED',
  [errors]: [
    Error: connect ECONNREFUSED ::1:4000
        at <unknown> (Error: connect ECONNREFUSED ::1:4000) {
      errno: -4078,
      code: 'ECONNREFUSED',
      syscall: 'connect',
      address: '::1',
      port: 4000
    },
    Error: connect ECONNREFUSED 127.0.0.1:4000
        at <unknown> (Error: connect ECONNREFUSED 127.0.0.1:4000) {
      errno: -4078,
      code: 'ECONNREFUSED',
      syscall: 'connect',
      address: '127.0.0.1',
      port: 4000
    }
  ]
}
Failed to proxy http://localhost:4000/api/alianzas?vigente=true AggregateError: 
    at ignore-listed frames {
  code: 'ECONNREFUSED',
  [errors]: [
    Error: connect ECONNREFUSED ::1:4000
        at <unknown> (Error: connect ECONNREFUSED ::1:4000) {
      errno: -4078,
      code: 'ECONNREFUSED',
      syscall: 'connect',
      address: '::1',
      port: 4000
    },
    Error: connect ECONNREFUSED 127.0.0.1:4000
        at <unknown> (Error: connect ECONNREFUSED 127.0.0.1:4000) {
      errno: -4078,
      code: 'ECONNREFUSED',
      syscall: 'connect',
      address: '127.0.0.1',
      port: 4000
    }
  ]
}
AggregateError: 
    at ignore-listed frames {
  code: 'ECONNREFUSED',
  [errors]: [
    Error: connect ECONNREFUSED ::1:4000
        at <unknown> (Error: connect ECONNREFUSED ::1:4000) {
      errno: -4078,
      code: 'ECONNREFUSED',
      syscall: 'connect',
      address: '::1',
      port: 4000
    },
    Error: connect ECONNREFUSED 127.0.0.1:4000
        at <unknown> (Error: connect ECONNREFUSED 127.0.0.1:4000) {
      errno: -4078,
      code: 'ECONNREFUSED',
      syscall: 'connect',
      address: '127.0.0.1',
      port: 4000
    }
  ]
}
Failed to proxy http://localhost:4000/uploads/sliders/1783901923387-936790940.png AggregateError: 
    at ignore-listed frames {
  code: 'ECONNREFUSED',
  [errors]: [
    Error: connect ECONNREFUSED ::1:4000
        at <unknown> (Error: connect ECONNREFUSED ::1:4000) {
      errno: -4078,
      code: 'ECONNREFUSED',
      syscall: 'connect',
      address: '::1',
      port: 4000
    },
    Error: connect ECONNREFUSED 127.0.0.1:4000
        at <unknown> (Error: connect ECONNREFUSED 127.0.0.1:4000) {
      errno: -4078,
      code: 'ECONNREFUSED',
      syscall: 'connect',
      address: '127.0.0.1',
      port: 4000
    }
  ]
}
AggregateError: 
    at ignore-listed frames {
  code: 'ECONNREFUSED',
  [errors]: [
    Error: connect ECONNREFUSED ::1:4000
        at <unknown> (Error: connect ECONNREFUSED ::1:4000) {
      errno: -4078,
      code: 'ECONNREFUSED',
      syscall: 'connect',
      address: '::1',
      port: 4000
    },
    Error: connect ECONNREFUSED 127.0.0.1:4000
        at <unknown> (Error: connect ECONNREFUSED 127.0.0.1:4000) {
      errno: -4078,
      code: 'ECONNREFUSED',
      syscall: 'connect',
      address: '127.0.0.1',
      port: 4000
    }
  ]
}
Failed to proxy http://localhost:4000/uploads/courses/1783950632855-769817501.png AggregateError: 
    at ignore-listed frames {
  code: 'ECONNREFUSED',
  [errors]: [
    Error: connect ECONNREFUSED ::1:4000
        at <unknown> (Error: connect ECONNREFUSED ::1:4000) {
      errno: -4078,
      code: 'ECONNREFUSED',
      syscall: 'connect',
      address: '::1',
      port: 4000
    },
    Error: connect ECONNREFUSED 127.0.0.1:4000
        at <unknown> (Error: connect ECONNREFUSED 127.0.0.1:4000) {
      errno: -4078,
      code: 'ECONNREFUSED',
      syscall: 'connect',
      address: '127.0.0.1',
      port: 4000
    }
  ]
}
AggregateError: 
    at ignore-listed frames {
  code: 'ECONNREFUSED',
  [errors]: [
    Error: connect ECONNREFUSED ::1:4000
        at <unknown> (Error: connect ECONNREFUSED ::1:4000) {
      errno: -4078,
      code: 'ECONNREFUSED',
      syscall: 'connect',
      address: '::1',
      port: 4000
    },
    Error: connect ECONNREFUSED 127.0.0.1:4000
        at <unknown> (Error: connect ECONNREFUSED 127.0.0.1:4000) {
      errno: -4078,
      code: 'ECONNREFUSED',
      syscall: 'connect',
      address: '127.0.0.1',
      port: 4000
    }
  ]
}
Failed to proxy http://localhost:4000/uploads/courses/1783950705057-369497689.png AggregateError: 
    at ignore-listed frames {
  code: 'ECONNREFUSED',
  [errors]: [
    Error: connect ECONNREFUSED ::1:4000
        at <unknown> (Error: connect ECONNREFUSED ::1:4000) {
      errno: -4078,
      code: 'ECONNREFUSED',
      syscall: 'connect',
      address: '::1',
      port: 4000
    },
    Error: connect ECONNREFUSED 127.0.0.1:4000
        at <unknown> (Error: connect ECONNREFUSED 127.0.0.1:4000) {
      errno: -4078,
      code: 'ECONNREFUSED',
      syscall: 'connect',
      address: '127.0.0.1',
      port: 4000
    }
  ]
}
AggregateError: 
    at ignore-listed frames {
  code: 'ECONNREFUSED',
  [errors]: [
    Error: connect ECONNREFUSED ::1:4000
        at <unknown> (Error: connect ECONNREFUSED ::1:4000) {
      errno: -4078,
      code: 'ECONNREFUSED',
      syscall: 'connect',
      address: '::1',
      port: 4000
    },
    Error: connect ECONNREFUSED 127.0.0.1:4000
        at <unknown> (Error: connect ECONNREFUSED 127.0.0.1:4000) {
      errno: -4078,
      code: 'ECONNREFUSED',
      syscall: 'connect',
      address: '127.0.0.1',
      port: 4000
    }
  ]
}
Failed to proxy http://localhost:4000/uploads/courses/1783950728875-376099454.jpeg AggregateError: 
    at ignore-listed frames {
  code: 'ECONNREFUSED',
  [errors]: [
    Error: connect ECONNREFUSED ::1:4000
        at <unknown> (Error: connect ECONNREFUSED ::1:4000) {
      errno: -4078,
      code: 'ECONNREFUSED',
      syscall: 'connect',
      address: '::1',
      port: 4000
    },
    Error: connect ECONNREFUSED 127.0.0.1:4000
        at <unknown> (Error: connect ECONNREFUSED 127.0.0.1:4000) {
      errno: -4078,
      code: 'ECONNREFUSED',
      syscall: 'connect',
      address: '127.0.0.1',
      port: 4000
    }
  ]
}
AggregateError: 
    at ignore-listed frames {
  code: 'ECONNREFUSED',
  [errors]: [
    Error: connect ECONNREFUSED ::1:4000
        at <unknown> (Error: connect ECONNREFUSED ::1:4000) {
      errno: -4078,
      code: 'ECONNREFUSED',
      syscall: 'connect',
      address: '::1',
      port: 4000
    },
    Error: connect ECONNREFUSED 127.0.0.1:4000
        at <unknown> (Error: connect ECONNREFUSED 127.0.0.1:4000) {
      errno: -4078,
      code: 'ECONNREFUSED',
      syscall: 'connect',
      address: '127.0.0.1',
      port: 4000
    }
  ]
}
Failed to proxy http://localhost:4000/uploads/softwares/1783887914634-778108191.png AggregateError: 
    at ignore-listed frames {
  code: 'ECONNREFUSED',
  [errors]: [
    Error: connect ECONNREFUSED ::1:4000
        at <unknown> (Error: connect ECONNREFUSED ::1:4000) {
      errno: -4078,
      code: 'ECONNREFUSED',
      syscall: 'connect',
      address: '::1',
      port: 4000
    },
    Error: connect ECONNREFUSED 127.0.0.1:4000
        at <unknown> (Error: connect ECONNREFUSED 127.0.0.1:4000) {
      errno: -4078,
      code: 'ECONNREFUSED',
      syscall: 'connect',
      address: '127.0.0.1',
      port: 4000
    }
  ]
}
AggregateError: 
    at ignore-listed frames {
  code: 'ECONNREFUSED',
  [errors]: [
    Error: connect ECONNREFUSED ::1:4000
        at <unknown> (Error: connect ECONNREFUSED ::1:4000) {
      errno: -4078,
      code: 'ECONNREFUSED',
      syscall: 'connect',
      address: '::1',
      port: 4000
    },
    Error: connect ECONNREFUSED 127.0.0.1:4000
        at <unknown> (Error: connect ECONNREFUSED 127.0.0.1:4000) {
      errno: -4078,
      code: 'ECONNREFUSED',
      syscall: 'connect',
      address: '127.0.0.1',
      port: 4000
    }
  ]
}
Failed to proxy http://localhost:4000/uploads/softwares/1783887930049-365268875.png AggregateError: 
    at ignore-listed frames {
  code: 'ECONNREFUSED',
  [errors]: [
    Error: connect ECONNREFUSED ::1:4000
        at <unknown> (Error: connect ECONNREFUSED ::1:4000) {
      errno: -4078,
      code: 'ECONNREFUSED',
      syscall: 'connect',
      address: '::1',
      port: 4000
    },
    Error: connect ECONNREFUSED 127.0.0.1:4000
        at <unknown> (Error: connect ECONNREFUSED 127.0.0.1:4000) {
      errno: -4078,
      code: 'ECONNREFUSED',
      syscall: 'connect',
      address: '127.0.0.1',
      port: 4000
    }
  ]
}
AggregateError: 
    at ignore-listed frames {
  code: 'ECONNREFUSED',
  [errors]: [
    Error: connect ECONNREFUSED ::1:4000
        at <unknown> (Error: connect ECONNREFUSED ::1:4000) {
      errno: -4078,
      code: 'ECONNREFUSED',
      syscall: 'connect',
      address: '::1',
      port: 4000
    },
    Error: connect ECONNREFUSED 127.0.0.1:4000
        at <unknown> (Error: connect ECONNREFUSED 127.0.0.1:4000) {
      errno: -4078,
      code: 'ECONNREFUSED',
      syscall: 'connect',
      address: '127.0.0.1',
      port: 4000
    }
  ]
}
Failed to proxy http://localhost:4000/uploads/softwares/1783887947043-747462171.png AggregateError: 
    at ignore-listed frames {
  code: 'ECONNREFUSED',
  [errors]: [
    Error: connect ECONNREFUSED ::1:4000
        at <unknown> (Error: connect ECONNREFUSED ::1:4000) {
      errno: -4078,
      code: 'ECONNREFUSED',
      syscall: 'connect',
      address: '::1',
      port: 4000
    },
    Error: connect ECONNREFUSED 127.0.0.1:4000
        at <unknown> (Error: connect ECONNREFUSED 127.0.0.1:4000) {
      errno: -4078,
      code: 'ECONNREFUSED',
      syscall: 'connect',
      address: '127.0.0.1',
      port: 4000
    }
  ]
}
AggregateError: 
    at ignore-listed frames {
  code: 'ECONNREFUSED',
  [errors]: [
    Error: connect ECONNREFUSED ::1:4000
        at <unknown> (Error: connect ECONNREFUSED ::1:4000) {
      errno: -4078,
      code: 'ECONNREFUSED',
      syscall: 'connect',
      address: '::1',
      port: 4000
    },
    Error: connect ECONNREFUSED 127.0.0.1:4000
        at <unknown> (Error: connect ECONNREFUSED 127.0.0.1:4000) {
      errno: -4078,
      code: 'ECONNREFUSED',
      syscall: 'connect',
      address: '127.0.0.1',
      port: 4000
    }
  ]
}
Failed to proxy http://localhost:4000/uploads/softwares/1783887959483-860813885.png AggregateError: 
    at ignore-listed frames {
  code: 'ECONNREFUSED',
  [errors]: [
    Error: connect ECONNREFUSED ::1:4000
        at <unknown> (Error: connect ECONNREFUSED ::1:4000) {
      errno: -4078,
      code: 'ECONNREFUSED',
      syscall: 'connect',
      address: '::1',
      port: 4000
    },
    Error: connect ECONNREFUSED 127.0.0.1:4000
        at <unknown> (Error: connect ECONNREFUSED 127.0.0.1:4000) {
      errno: -4078,
      code: 'ECONNREFUSED',
      syscall: 'connect',
      address: '127.0.0.1',
      port: 4000
    }
  ]
}
AggregateError: 
    at ignore-listed frames {
  code: 'ECONNREFUSED',
  [errors]: [
    Error: connect ECONNREFUSED ::1:4000
        at <unknown> (Error: connect ECONNREFUSED ::1:4000) {
      errno: -4078,
      code: 'ECONNREFUSED',
      syscall: 'connect',
      address: '::1',
      port: 4000
    },
    Error: connect ECONNREFUSED 127.0.0.1:4000
        at <unknown> (Error: connect ECONNREFUSED 127.0.0.1:4000) {
      errno: -4078,
      code: 'ECONNREFUSED',
      syscall: 'connect',
      address: '127.0.0.1',
      port: 4000
    }
  ]
}
Failed to proxy http://localhost:4000/uploads/softwares/1783887970398-502888905.png AggregateError: 
    at ignore-listed frames {
  code: 'ECONNREFUSED',
  [errors]: [
    Error: connect ECONNREFUSED ::1:4000
        at <unknown> (Error: connect ECONNREFUSED ::1:4000) {
      errno: -4078,
      code: 'ECONNREFUSED',
      syscall: 'connect',
      address: '::1',
      port: 4000
    },
    Error: connect ECONNREFUSED 127.0.0.1:4000
        at <unknown> (Error: connect ECONNREFUSED 127.0.0.1:4000) {
      errno: -4078,
      code: 'ECONNREFUSED',
      syscall: 'connect',
      address: '127.0.0.1',
      port: 4000
    }
  ]
}
AggregateError: 
    at ignore-listed frames {
  code: 'ECONNREFUSED',
  [errors]: [
    Error: connect ECONNREFUSED ::1:4000
        at <unknown> (Error: connect ECONNREFUSED ::1:4000) {
      errno: -4078,
      code: 'ECONNREFUSED',
      syscall: 'connect',
      address: '::1',
      port: 4000
    },
    Error: connect ECONNREFUSED 127.0.0.1:4000
        at <unknown> (Error: connect ECONNREFUSED 127.0.0.1:4000) {
      errno: -4078,
      code: 'ECONNREFUSED',
      syscall: 'connect',
      address: '127.0.0.1',
      port: 4000
    }
  ]
}
Failed to proxy http://localhost:4000/uploads/softwares/1783887982324-75701751.png AggregateError: 
    at ignore-listed frames {
  code: 'ECONNREFUSED',
  [errors]: [
    Error: connect ECONNREFUSED ::1:4000
        at <unknown> (Error: connect ECONNREFUSED ::1:4000) {
      errno: -4078,
      code: 'ECONNREFUSED',
      syscall: 'connect',
      address: '::1',
      port: 4000
    },
    Error: connect ECONNREFUSED 127.0.0.1:4000
        at <unknown> (Error: connect ECONNREFUSED 127.0.0.1:4000) {
      errno: -4078,
      code: 'ECONNREFUSED',
      syscall: 'connect',
      address: '127.0.0.1',
      port: 4000
    }
  ]
}
AggregateError: 
    at ignore-listed frames {
  code: 'ECONNREFUSED',
  [errors]: [
    Error: connect ECONNREFUSED ::1:4000
        at <unknown> (Error: connect ECONNREFUSED ::1:4000) {
      errno: -4078,
      code: 'ECONNREFUSED',
      syscall: 'connect',
      address: '::1',
      port: 4000
    },
    Error: connect ECONNREFUSED 127.0.0.1:4000
        at <unknown> (Error: connect ECONNREFUSED 127.0.0.1:4000) {
      errno: -4078,
      code: 'ECONNREFUSED',
      syscall: 'connect',
      address: '127.0.0.1',
      port: 4000
    }
  ]
}
Failed to proxy http://localhost:4000/uploads/softwares/1783887994564-816869153.png AggregateError: 
    at ignore-listed frames {
  code: 'ECONNREFUSED',
  [errors]: [
    Error: connect ECONNREFUSED ::1:4000
        at <unknown> (Error: connect ECONNREFUSED ::1:4000) {
      errno: -4078,
      code: 'ECONNREFUSED',
      syscall: 'connect',
      address: '::1',
      port: 4000
    },
    Error: connect ECONNREFUSED 127.0.0.1:4000
        at <unknown> (Error: connect ECONNREFUSED 127.0.0.1:4000) {
      errno: -4078,
      code: 'ECONNREFUSED',
      syscall: 'connect',
      address: '127.0.0.1',
      port: 4000
    }
  ]
}
AggregateError: 
    at ignore-listed frames {
  code: 'ECONNREFUSED',
  [errors]: [
    Error: connect ECONNREFUSED ::1:4000
        at <unknown> (Error: connect ECONNREFUSED ::1:4000) {
      errno: -4078,
      code: 'ECONNREFUSED',
      syscall: 'connect',
      address: '::1',
      port: 4000
    },
    Error: connect ECONNREFUSED 127.0.0.1:4000
        at <unknown> (Error: connect ECONNREFUSED 127.0.0.1:4000) {
      errno: -4078,
      code: 'ECONNREFUSED',
      syscall: 'connect',
      address: '127.0.0.1',
      port: 4000
    }
  ]
}
Failed to proxy http://localhost:4000/uploads/softwares/1783888005884-824774548.png AggregateError: 
    at ignore-listed frames {
  code: 'ECONNREFUSED',
  [errors]: [
    Error: connect ECONNREFUSED ::1:4000
        at <unknown> (Error: connect ECONNREFUSED ::1:4000) {
      errno: -4078,
      code: 'ECONNREFUSED',
      syscall: 'connect',
      address: '::1',
      port: 4000
    },
    Error: connect ECONNREFUSED 127.0.0.1:4000
        at <unknown> (Error: connect ECONNREFUSED 127.0.0.1:4000) {
      errno: -4078,
      code: 'ECONNREFUSED',
      syscall: 'connect',
      address: '127.0.0.1',
      port: 4000
    }
  ]
}
AggregateError: 
    at ignore-listed frames {
  code: 'ECONNREFUSED',
  [errors]: [
    Error: connect ECONNREFUSED ::1:4000
        at <unknown> (Error: connect ECONNREFUSED ::1:4000) {
      errno: -4078,
      code: 'ECONNREFUSED',
      syscall: 'connect',
      address: '::1',
      port: 4000
    },
    Error: connect ECONNREFUSED 127.0.0.1:4000
        at <unknown> (Error: connect ECONNREFUSED 127.0.0.1:4000) {
      errno: -4078,
      code: 'ECONNREFUSED',
      syscall: 'connect',
      address: '127.0.0.1',
      port: 4000
    }
  ]
}
Failed to proxy http://localhost:4000/uploads/softwares/1783888015726-462910707.png AggregateError: 
    at ignore-listed frames {
  code: 'ECONNREFUSED',
  [errors]: [
    Error: connect ECONNREFUSED ::1:4000
        at <unknown> (Error: connect ECONNREFUSED ::1:4000) {
      errno: -4078,
      code: 'ECONNREFUSED',
      syscall: 'connect',
      address: '::1',
      port: 4000
    },
    Error: connect ECONNREFUSED 127.0.0.1:4000
        at <unknown> (Error: connect ECONNREFUSED 127.0.0.1:4000) {
      errno: -4078,
      code: 'ECONNREFUSED',
      syscall: 'connect',
      address: '127.0.0.1',
      port: 4000
    }
  ]
}
AggregateError: 
    at ignore-listed frames {
  code: 'ECONNREFUSED',
  [errors]: [
    Error: connect ECONNREFUSED ::1:4000
        at <unknown> (Error: connect ECONNREFUSED ::1:4000) {
      errno: -4078,
      code: 'ECONNREFUSED',
      syscall: 'connect',
      address: '::1',
      port: 4000
    },
    Error: connect ECONNREFUSED 127.0.0.1:4000
        at <unknown> (Error: connect ECONNREFUSED 127.0.0.1:4000) {
      errno: -4078,
      code: 'ECONNREFUSED',
      syscall: 'connect',
      address: '127.0.0.1',
      port: 4000
    }
  ]
}
Failed to proxy http://localhost:4000/uploads/staff/1783887868375-643919531.png AggregateError: 
    at ignore-listed frames {
  code: 'ECONNREFUSED',
  [errors]: [
    Error: connect ECONNREFUSED ::1:4000
        at <unknown> (Error: connect ECONNREFUSED ::1:4000) {
      errno: -4078,
      code: 'ECONNREFUSED',
      syscall: 'connect',
      address: '::1',
      port: 4000
    },
    Error: connect ECONNREFUSED 127.0.0.1:4000
        at <unknown> (Error: connect ECONNREFUSED 127.0.0.1:4000) {
      errno: -4078,
      code: 'ECONNREFUSED',
      syscall: 'connect',
      address: '127.0.0.1',
      port: 4000
    }
  ]
}
AggregateError: 
    at ignore-listed frames {
  code: 'ECONNREFUSED',
  [errors]: [
    Error: connect ECONNREFUSED ::1:4000
        at <unknown> (Error: connect ECONNREFUSED ::1:4000) {
      errno: -4078,
      code: 'ECONNREFUSED',
      syscall: 'connect',
      address: '::1',
      port: 4000
    },
    Error: connect ECONNREFUSED 127.0.0.1:4000
        at <unknown> (Error: connect ECONNREFUSED 127.0.0.1:4000) {
      errno: -4078,
      code: 'ECONNREFUSED',
      syscall: 'connect',
      address: '127.0.0.1',
      port: 4000
    }
  ]
}
Failed to proxy http://localhost:4000/uploads/staff/1783887877624-640368276.png AggregateError: 
    at ignore-listed frames {
  code: 'ECONNREFUSED',
  [errors]: [
    Error: connect ECONNREFUSED ::1:4000
        at <unknown> (Error: connect ECONNREFUSED ::1:4000) {
      errno: -4078,
      code: 'ECONNREFUSED',
      syscall: 'connect',
      address: '::1',
      port: 4000
    },
    Error: connect ECONNREFUSED 127.0.0.1:4000
        at <unknown> (Error: connect ECONNREFUSED 127.0.0.1:4000) {
      errno: -4078,
      code: 'ECONNREFUSED',
      syscall: 'connect',
      address: '127.0.0.1',
      port: 4000
    }
  ]
}
AggregateError: 
    at ignore-listed frames {
  code: 'ECONNREFUSED',
  [errors]: [
    Error: connect ECONNREFUSED ::1:4000
        at <unknown> (Error: connect ECONNREFUSED ::1:4000) {
      errno: -4078,
      code: 'ECONNREFUSED',
      syscall: 'connect',
      address: '::1',
      port: 4000
    },
    Error: connect ECONNREFUSED 127.0.0.1:4000
        at <unknown> (Error: connect ECONNREFUSED 127.0.0.1:4000) {
      errno: -4078,
      code: 'ECONNREFUSED',
      syscall: 'connect',
      address: '127.0.0.1',
      port: 4000
    }
  ]
}
Failed to proxy http://localhost:4000/uploads/staff/1783887890639-989382503.png AggregateError: 
    at ignore-listed frames {
  code: 'ECONNREFUSED',
  [errors]: [
    Error: connect ECONNREFUSED ::1:4000
        at <unknown> (Error: connect ECONNREFUSED ::1:4000) {
      errno: -4078,
      code: 'ECONNREFUSED',
      syscall: 'connect',
      address: '::1',
      port: 4000
    },
    Error: connect ECONNREFUSED 127.0.0.1:4000
        at <unknown> (Error: connect ECONNREFUSED 127.0.0.1:4000) {
      errno: -4078,
      code: 'ECONNREFUSED',
      syscall: 'connect',
      address: '127.0.0.1',
      port: 4000
    }
  ]
}
AggregateError: 
    at ignore-listed frames {
  code: 'ECONNREFUSED',
  [errors]: [
    Error: connect ECONNREFUSED ::1:4000
        at <unknown> (Error: connect ECONNREFUSED ::1:4000) {
      errno: -4078,
      code: 'ECONNREFUSED',
      syscall: 'connect',
      address: '::1',
      port: 4000
    },
    Error: connect ECONNREFUSED 127.0.0.1:4000
        at <unknown> (Error: connect ECONNREFUSED 127.0.0.1:4000) {
      errno: -4078,
      code: 'ECONNREFUSED',
      syscall: 'connect',
      address: '127.0.0.1',
      port: 4000
    }
  ]
}
Failed to proxy http://localhost:4000/uploads/alliances/1783957835780-608675460.png AggregateError: 
    at ignore-listed frames {
  code: 'ECONNREFUSED',
  [errors]: [
    Error: connect ECONNREFUSED ::1:4000
        at <unknown> (Error: connect ECONNREFUSED ::1:4000) {
      errno: -4078,
      code: 'ECONNREFUSED',
      syscall: 'connect',
      address: '::1',
      port: 4000
    },
    Error: connect ECONNREFUSED 127.0.0.1:4000
        at <unknown> (Error: connect ECONNREFUSED 127.0.0.1:4000) {
      errno: -4078,
      code: 'ECONNREFUSED',
      syscall: 'connect',
      address: '127.0.0.1',
      port: 4000
    }
  ]
}
AggregateError: 
    at ignore-listed frames {
  code: 'ECONNREFUSED',
  [errors]: [
    Error: connect ECONNREFUSED ::1:4000
        at <unknown> (Error: connect ECONNREFUSED ::1:4000) {
      errno: -4078,
      code: 'ECONNREFUSED',
      syscall: 'connect',
      address: '::1',
      port: 4000
    },
    Error: connect ECONNREFUSED 127.0.0.1:4000
        at <unknown> (Error: connect ECONNREFUSED 127.0.0.1:4000) {
      errno: -4078,
      code: 'ECONNREFUSED',
      syscall: 'connect',
      address: '127.0.0.1',
      port: 4000
    }
  ]
}
Failed to proxy http://localhost:4000/uploads/alliances/1783957873741-647390797.png AggregateError: 
    at ignore-listed frames {
  code: 'ECONNREFUSED',
  [errors]: [
    Error: connect ECONNREFUSED ::1:4000
        at <unknown> (Error: connect ECONNREFUSED ::1:4000) {
      errno: -4078,
      code: 'ECONNREFUSED',
      syscall: 'connect',
      address: '::1',
      port: 4000
    },
    Error: connect ECONNREFUSED 127.0.0.1:4000
        at <unknown> (Error: connect ECONNREFUSED 127.0.0.1:4000) {
      errno: -4078,
      code: 'ECONNREFUSED',
      syscall: 'connect',
      address: '127.0.0.1',
      port: 4000
    }
  ]
}
AggregateError: 
    at ignore-listed frames {
  code: 'ECONNREFUSED',
  [errors]: [
    Error: connect ECONNREFUSED ::1:4000
        at <unknown> (Error: connect ECONNREFUSED ::1:4000) {
      errno: -4078,
      code: 'ECONNREFUSED',
      syscall: 'connect',
      address: '::1',
      port: 4000
    },
    Error: connect ECONNREFUSED 127.0.0.1:4000
        at <unknown> (Error: connect ECONNREFUSED 127.0.0.1:4000) {
      errno: -4078,
      code: 'ECONNREFUSED',
      syscall: 'connect',
      address: '127.0.0.1',
      port: 4000
    }
  ]
}
Failed to proxy http://localhost:4000/uploads/alliances/1783957883690-378812596.png AggregateError: 
    at ignore-listed frames {
  code: 'ECONNREFUSED',
  [errors]: [
    Error: connect ECONNREFUSED ::1:4000
        at <unknown> (Error: connect ECONNREFUSED ::1:4000) {
      errno: -4078,
      code: 'ECONNREFUSED',
      syscall: 'connect',
      address: '::1',
      port: 4000
    },
    Error: connect ECONNREFUSED 127.0.0.1:4000
        at <unknown> (Error: connect ECONNREFUSED 127.0.0.1:4000) {
      errno: -4078,
      code: 'ECONNREFUSED',
      syscall: 'connect',
      address: '127.0.0.1',
      port: 4000
    }
  ]
}
AggregateError: 
    at ignore-listed frames {
  code: 'ECONNREFUSED',
  [errors]: [
    Error: connect ECONNREFUSED ::1:4000
        at <unknown> (Error: connect ECONNREFUSED ::1:4000) {
      errno: -4078,
      code: 'ECONNREFUSED',
      syscall: 'connect',
      address: '::1',
      port: 4000
    },
    Error: connect ECONNREFUSED 127.0.0.1:4000
        at <unknown> (Error: connect ECONNREFUSED 127.0.0.1:4000) {
      errno: -4078,
      code: 'ECONNREFUSED',
      syscall: 'connect',
      address: '127.0.0.1',
      port: 4000
    }
  ]
}
Failed to proxy http://localhost:4000/uploads/alliances/1783957891794-747926292.png AggregateError: 
    at ignore-listed frames {
  code: 'ECONNREFUSED',
  [errors]: [
    Error: connect ECONNREFUSED ::1:4000
        at <unknown> (Error: connect ECONNREFUSED ::1:4000) {
      errno: -4078,
      code: 'ECONNREFUSED',
      syscall: 'connect',
      address: '::1',
      port: 4000
    },
    Error: connect ECONNREFUSED 127.0.0.1:4000
        at <unknown> (Error: connect ECONNREFUSED 127.0.0.1:4000) {
      errno: -4078,
      code: 'ECONNREFUSED',
      syscall: 'connect',
      address: '127.0.0.1',
      port: 4000
    }
  ]
}
AggregateError: 
    at ignore-listed frames {
  code: 'ECONNREFUSED',
  [errors]: [
    Error: connect ECONNREFUSED ::1:4000
        at <unknown> (Error: connect ECONNREFUSED ::1:4000) {
      errno: -4078,
      code: 'ECONNREFUSED',
      syscall: 'connect',
      address: '::1',
      port: 4000
    },
    Error: connect ECONNREFUSED 127.0.0.1:4000
        at <unknown> (Error: connect ECONNREFUSED 127.0.0.1:4000) {
      errno: -4078,
      code: 'ECONNREFUSED',
      syscall: 'connect',
      address: '127.0.0.1',
      port: 4000
    }
  ]
}
Failed to proxy http://localhost:4000/uploads/alliances/1783957899097-210411300.png AggregateError: 
    at ignore-listed frames {
  code: 'ECONNREFUSED',
  [errors]: [
    Error: connect ECONNREFUSED ::1:4000
        at <unknown> (Error: connect ECONNREFUSED ::1:4000) {
      errno: -4078,
      code: 'ECONNREFUSED',
      syscall: 'connect',
      address: '::1',
      port: 4000
    },
    Error: connect ECONNREFUSED 127.0.0.1:4000
        at <unknown> (Error: connect ECONNREFUSED 127.0.0.1:4000) {
      errno: -4078,
      code: 'ECONNREFUSED',
      syscall: 'connect',
      address: '127.0.0.1',
      port: 4000
    }
  ]
}
AggregateError: 
    at ignore-listed frames {
  code: 'ECONNREFUSED',
  [errors]: [
    Error: connect ECONNREFUSED ::1:4000
        at <unknown> (Error: connect ECONNREFUSED ::1:4000) {
      errno: -4078,
      code: 'ECONNREFUSED',
      syscall: 'connect',
      address: '::1',
      port: 4000
    },
    Error: connect ECONNREFUSED 127.0.0.1:4000
        at <unknown> (Error: connect ECONNREFUSED 127.0.0.1:4000) {
      errno: -4078,
      code: 'ECONNREFUSED',
      syscall: 'connect',
      address: '127.0.0.1',
      port: 4000
    }
  ]
}
Failed to proxy http://localhost:4000/uploads/alliances/1783957911346-741155173.png AggregateError: 
    at ignore-listed frames {
  code: 'ECONNREFUSED',
  [errors]: [
    Error: connect ECONNREFUSED ::1:4000
        at <unknown> (Error: connect ECONNREFUSED ::1:4000) {
      errno: -4078,
      code: 'ECONNREFUSED',
      syscall: 'connect',
      address: '::1',
      port: 4000
    },
    Error: connect ECONNREFUSED 127.0.0.1:4000
        at <unknown> (Error: connect ECONNREFUSED 127.0.0.1:4000) {
      errno: -4078,
      code: 'ECONNREFUSED',
      syscall: 'connect',
      address: '127.0.0.1',
      port: 4000
    }
  ]
}
AggregateError: 
    at ignore-listed frames {
  code: 'ECONNREFUSED',
  [errors]: [
    Error: connect ECONNREFUSED ::1:4000
        at <unknown> (Error: connect ECONNREFUSED ::1:4000) {
      errno: -4078,
      code: 'ECONNREFUSED',
      syscall: 'connect',
      address: '::1',
      port: 4000
    },
    Error: connect ECONNREFUSED 127.0.0.1:4000
        at <unknown> (Error: connect ECONNREFUSED 127.0.0.1:4000) {
      errno: -4078,
      code: 'ECONNREFUSED',
      syscall: 'connect',
      address: '127.0.0.1',
      port: 4000
    }
  ]
}
Failed to proxy http://localhost:4000/uploads/alliances/1783957969613-283761233.png AggregateError: 
    at ignore-listed frames {
  code: 'ECONNREFUSED',
  [errors]: [
    Error: connect ECONNREFUSED ::1:4000
        at <unknown> (Error: connect ECONNREFUSED ::1:4000) {
      errno: -4078,
      code: 'ECONNREFUSED',
      syscall: 'connect',
      address: '::1',
      port: 4000
    },
    Error: connect ECONNREFUSED 127.0.0.1:4000
        at <unknown> (Error: connect ECONNREFUSED 127.0.0.1:4000) {
      errno: -4078,
      code: 'ECONNREFUSED',
      syscall: 'connect',
      address: '127.0.0.1',
      port: 4000
    }
  ]
}
AggregateError: 
    at ignore-listed frames {
  code: 'ECONNREFUSED',
  [errors]: [
    Error: connect ECONNREFUSED ::1:4000
        at <unknown> (Error: connect ECONNREFUSED ::1:4000) {
      errno: -4078,
      code: 'ECONNREFUSED',
      syscall: 'connect',
      address: '::1',
      port: 4000
    },
    Error: connect ECONNREFUSED 127.0.0.1:4000
        at <unknown> (Error: connect ECONNREFUSED 127.0.0.1:4000) {
      errno: -4078,
      code: 'ECONNREFUSED',
      syscall: 'connect',
      address: '127.0.0.1',
      port: 4000
    }
  ]
}
Failed to proxy http://localhost:4000/uploads/alliances/1783957976116-336287813.png AggregateError: 
    at ignore-listed frames {
  code: 'ECONNREFUSED',
  [errors]: [
    Error: connect ECONNREFUSED ::1:4000
        at <unknown> (Error: connect ECONNREFUSED ::1:4000) {
      errno: -4078,
      code: 'ECONNREFUSED',
      syscall: 'connect',
      address: '::1',
      port: 4000
    },
    Error: connect ECONNREFUSED 127.0.0.1:4000
        at <unknown> (Error: connect ECONNREFUSED 127.0.0.1:4000) {
      errno: -4078,
      code: 'ECONNREFUSED',
      syscall: 'connect',
      address: '127.0.0.1',
      port: 4000
    }
  ]
}
AggregateError: 
    at ignore-listed frames {
  code: 'ECONNREFUSED',
  [errors]: [
    Error: connect ECONNREFUSED ::1:4000
        at <unknown> (Error: connect ECONNREFUSED ::1:4000) {
      errno: -4078,
      code: 'ECONNREFUSED',
      syscall: 'connect',
      address: '::1',
      port: 4000
    },
    Error: connect ECONNREFUSED 127.0.0.1:4000
        at <unknown> (Error: connect ECONNREFUSED 127.0.0.1:4000) {
      errno: -4078,
      code: 'ECONNREFUSED',
      syscall: 'connect',
      address: '127.0.0.1',
      port: 4000
    }
  ]
}
Failed to proxy http://localhost:4000/uploads/alliances/1783965308690-882928728.png AggregateError: 
    at ignore-listed frames {
  code: 'ECONNREFUSED',
  [errors]: [
    Error: connect ECONNREFUSED ::1:4000
        at <unknown> (Error: connect ECONNREFUSED ::1:4000) {
      errno: -4078,
      code: 'ECONNREFUSED',
      syscall: 'connect',
      address: '::1',
      port: 4000
    },
    Error: connect ECONNREFUSED 127.0.0.1:4000
        at <unknown> (Error: connect ECONNREFUSED 127.0.0.1:4000) {
      errno: -4078,
      code: 'ECONNREFUSED',
      syscall: 'connect',
      address: '127.0.0.1',
      port: 4000
    }
  ]
}
AggregateError: 
    at ignore-listed frames {
  code: 'ECONNREFUSED',
  [errors]: [
    Error: connect ECONNREFUSED ::1:4000
        at <unknown> (Error: connect ECONNREFUSED ::1:4000) {
      errno: -4078,
      code: 'ECONNREFUSED',
      syscall: 'connect',
      address: '::1',
      port: 4000
    },
    Error: connect ECONNREFUSED 127.0.0.1:4000
        at <unknown> (Error: connect ECONNREFUSED 127.0.0.1:4000) {
      errno: -4078,
      code: 'ECONNREFUSED',
      syscall: 'connect',
      address: '127.0.0.1',
      port: 4000
    }
  ]
}
Failed to proxy http://localhost:4000/uploads/promotions/1783905175533-800036286.jpeg AggregateError: 
    at ignore-listed frames {
  code: 'ECONNREFUSED',
  [errors]: [
    Error: connect ECONNREFUSED ::1:4000
        at <unknown> (Error: connect ECONNREFUSED ::1:4000) {
      errno: -4078,
      code: 'ECONNREFUSED',
      syscall: 'connect',
      address: '::1',
      port: 4000
    },
    Error: connect ECONNREFUSED 127.0.0.1:4000
        at <unknown> (Error: connect ECONNREFUSED 127.0.0.1:4000) {
      errno: -4078,
      code: 'ECONNREFUSED',
      syscall: 'connect',
      address: '127.0.0.1',
      port: 4000
    }
  ]
}
AggregateError: 
    at ignore-listed frames {
  code: 'ECONNREFUSED',
  [errors]: [
    Error: connect ECONNREFUSED ::1:4000
        at <unknown> (Error: connect ECONNREFUSED ::1:4000) {
      errno: -4078,
      code: 'ECONNREFUSED',
      syscall: 'connect',
      address: '::1',
      port: 4000
    },
    Error: connect ECONNREFUSED 127.0.0.1:4000
        at <unknown> (Error: connect ECONNREFUSED 127.0.0.1:4000) {
      errno: -4078,
      code: 'ECONNREFUSED',
      syscall: 'connect',
      address: '127.0.0.1',
      port: 4000
    }
  ]
}
Failed to proxy http://localhost:4000/api/scroll-popups?vigente=true AggregateError: 
    at ignore-listed frames {
  code: 'ECONNREFUSED',
  [errors]: [
    Error: connect ECONNREFUSED ::1:4000
        at <unknown> (Error: connect ECONNREFUSED ::1:4000) {
      errno: -4078,
      code: 'ECONNREFUSED',
      syscall: 'connect',
      address: '::1',
      port: 4000
    },
    Error: connect ECONNREFUSED 127.0.0.1:4000
        at <unknown> (Error: connect ECONNREFUSED 127.0.0.1:4000) {
      errno: -4078,
      code: 'ECONNREFUSED',
      syscall: 'connect',
      address: '127.0.0.1',
      port: 4000
    }
  ]
}
AggregateError: 
    at ignore-listed frames {
  code: 'ECONNREFUSED',
  [errors]: [
    Error: connect ECONNREFUSED ::1:4000
        at <unknown> (Error: connect ECONNREFUSED ::1:4000) {
      errno: -4078,
      code: 'ECONNREFUSED',
      syscall: 'connect',
      address: '::1',
      port: 4000
    },
    Error: connect ECONNREFUSED 127.0.0.1:4000
        at <unknown> (Error: connect ECONNREFUSED 127.0.0.1:4000) {
      errno: -4078,
      code: 'ECONNREFUSED',
      syscall: 'connect',
      address: '127.0.0.1',
      port: 4000
    }
  ]
}
Failed to proxy http://localhost:4000/api/sliders AggregateError: 
    at ignore-listed frames {
  code: 'ECONNREFUSED',
  [errors]: [
    Error: connect ECONNREFUSED ::1:4000
        at <unknown> (Error: connect ECONNREFUSED ::1:4000) {
      errno: -4078,
      code: 'ECONNREFUSED',
      syscall: 'connect',
      address: '::1',
      port: 4000
    },
    Error: connect ECONNREFUSED 127.0.0.1:4000
        at <unknown> (Error: connect ECONNREFUSED 127.0.0.1:4000) {
      errno: -4078,
      code: 'ECONNREFUSED',
      syscall: 'connect',
      address: '127.0.0.1',
      port: 4000
    }
  ]
}
AggregateError: 
    at ignore-listed frames {
  code: 'ECONNREFUSED',
  [errors]: [
    Error: connect ECONNREFUSED ::1:4000
        at <unknown> (Error: connect ECONNREFUSED ::1:4000) {
      errno: -4078,
      code: 'ECONNREFUSED',
      syscall: 'connect',
      address: '::1',
      port: 4000
    },
    Error: connect ECONNREFUSED 127.0.0.1:4000
        at <unknown> (Error: connect ECONNREFUSED 127.0.0.1:4000) {
      errno: -4078,
      code: 'ECONNREFUSED',
      syscall: 'connect',
      address: '127.0.0.1',
      port: 4000
    }
  ]
}
Failed to proxy http://localhost:4000/api/promociones?vigente=true AggregateError: 
    at ignore-listed frames {
  code: 'ECONNREFUSED',
  [errors]: [
    Error: connect ECONNREFUSED ::1:4000
        at <unknown> (Error: connect ECONNREFUSED ::1:4000) {
      errno: -4078,
      code: 'ECONNREFUSED',
      syscall: 'connect',
      address: '::1',
      port: 4000
    },
    Error: connect ECONNREFUSED 127.0.0.1:4000
        at <unknown> (Error: connect ECONNREFUSED 127.0.0.1:4000) {
      errno: -4078,
      code: 'ECONNREFUSED',
      syscall: 'connect',
      address: '127.0.0.1',
      port: 4000
    }
  ]
}
AggregateError: 
    at ignore-listed frames {
  code: 'ECONNREFUSED',
  [errors]: [
    Error: connect ECONNREFUSED ::1:4000
        at <unknown> (Error: connect ECONNREFUSED ::1:4000) {
      errno: -4078,
      code: 'ECONNREFUSED',
      syscall: 'connect',
      address: '::1',
      port: 4000
    },
    Error: connect ECONNREFUSED 127.0.0.1:4000
        at <unknown> (Error: connect ECONNREFUSED 127.0.0.1:4000) {
      errno: -4078,
      code: 'ECONNREFUSED',
      syscall: 'connect',
      address: '127.0.0.1',
      port: 4000
    }
  ]
}
Failed to proxy http://localhost:4000/api/lanzamientos?vigente=true AggregateError: 
    at ignore-listed frames {
  code: 'ECONNREFUSED',
  [errors]: [
    Error: connect ECONNREFUSED ::1:4000
        at <unknown> (Error: connect ECONNREFUSED ::1:4000) {
      errno: -4078,
      code: 'ECONNREFUSED',
      syscall: 'connect',
      address: '::1',
      port: 4000
    },
    Error: connect ECONNREFUSED 127.0.0.1:4000
        at <unknown> (Error: connect ECONNREFUSED 127.0.0.1:4000) {
      errno: -4078,
      code: 'ECONNREFUSED',
      syscall: 'connect',
      address: '127.0.0.1',
      port: 4000
    }
  ]
}
AggregateError: 
    at ignore-listed frames {
  code: 'ECONNREFUSED',
  [errors]: [
    Error: connect ECONNREFUSED ::1:4000
        at <unknown> (Error: connect ECONNREFUSED ::1:4000) {
      errno: -4078,
      code: 'ECONNREFUSED',
      syscall: 'connect',
      address: '::1',
      port: 4000
    },
    Error: connect ECONNREFUSED 127.0.0.1:4000
        at <unknown> (Error: connect ECONNREFUSED 127.0.0.1:4000) {
      errno: -4078,
      code: 'ECONNREFUSED',
      syscall: 'connect',
      address: '127.0.0.1',
      port: 4000
    }
  ]
}
Failed to proxy http://localhost:4000/api/softwares?vigente=true AggregateError: 
    at ignore-listed frames {
  code: 'ECONNREFUSED',
  [errors]: [
    Error: connect ECONNREFUSED ::1:4000
        at <unknown> (Error: connect ECONNREFUSED ::1:4000) {
      errno: -4078,
      code: 'ECONNREFUSED',
      syscall: 'connect',
      address: '::1',
      port: 4000
    },
    Error: connect ECONNREFUSED 127.0.0.1:4000
        at <unknown> (Error: connect ECONNREFUSED 127.0.0.1:4000) {
      errno: -4078,
      code: 'ECONNREFUSED',
      syscall: 'connect',
      address: '127.0.0.1',
      port: 4000
    }
  ]
}
AggregateError: 
    at ignore-listed frames {
  code: 'ECONNREFUSED',
  [errors]: [
    Error: connect ECONNREFUSED ::1:4000
        at <unknown> (Error: connect ECONNREFUSED ::1:4000) {
      errno: -4078,
      code: 'ECONNREFUSED',
      syscall: 'connect',
      address: '::1',
      port: 4000
    },
    Error: connect ECONNREFUSED 127.0.0.1:4000
        at <unknown> (Error: connect ECONNREFUSED 127.0.0.1:4000) {
      errno: -4078,
      code: 'ECONNREFUSED',
      syscall: 'connect',
      address: '127.0.0.1',
      port: 4000
    }
  ]
}
Failed to proxy http://localhost:4000/api/docentes?vigente=true AggregateError: 
    at ignore-listed frames {
  code: 'ECONNREFUSED',
  [errors]: [
    Error: connect ECONNREFUSED ::1:4000
        at <unknown> (Error: connect ECONNREFUSED ::1:4000) {
      errno: -4078,
      code: 'ECONNREFUSED',
      syscall: 'connect',
      address: '::1',
      port: 4000
    },
    Error: connect ECONNREFUSED 127.0.0.1:4000
        at <unknown> (Error: connect ECONNREFUSED 127.0.0.1:4000) {
      errno: -4078,
      code: 'ECONNREFUSED',
      syscall: 'connect',
      address: '127.0.0.1',
      port: 4000
    }
  ]
}
AggregateError: 
    at ignore-listed frames {
  code: 'ECONNREFUSED',
  [errors]: [
    Error: connect ECONNREFUSED ::1:4000
        at <unknown> (Error: connect ECONNREFUSED ::1:4000) {
      errno: -4078,
      code: 'ECONNREFUSED',
      syscall: 'connect',
      address: '::1',
      port: 4000
    },
    Error: connect ECONNREFUSED 127.0.0.1:4000
        at <unknown> (Error: connect ECONNREFUSED 127.0.0.1:4000) {
      errno: -4078,
      code: 'ECONNREFUSED',
      syscall: 'connect',
      address: '127.0.0.1',
      port: 4000
    }
  ]
}
Failed to proxy http://localhost:4000/api/alianzas?vigente=true AggregateError: 
    at ignore-listed frames {
  code: 'ECONNREFUSED',
  [errors]: [
    Error: connect ECONNREFUSED ::1:4000
        at <unknown> (Error: connect ECONNREFUSED ::1:4000) {
      errno: -4078,
      code: 'ECONNREFUSED',
      syscall: 'connect',
      address: '::1',
      port: 4000
    },
    Error: connect ECONNREFUSED 127.0.0.1:4000
        at <unknown> (Error: connect ECONNREFUSED 127.0.0.1:4000) {
      errno: -4078,
      code: 'ECONNREFUSED',
      syscall: 'connect',
      address: '127.0.0.1',
      port: 4000
    }
  ]
}
AggregateError: 
    at ignore-listed frames {
  code: 'ECONNREFUSED',
  [errors]: [
    Error: connect ECONNREFUSED ::1:4000
        at <unknown> (Error: connect ECONNREFUSED ::1:4000) {
      errno: -4078,
      code: 'ECONNREFUSED',
      syscall: 'connect',
      address: '::1',
      port: 4000
    },
    Error: connect ECONNREFUSED 127.0.0.1:4000
        at <unknown> (Error: connect ECONNREFUSED 127.0.0.1:4000) {
      errno: -4078,
      code: 'ECONNREFUSED',
      syscall: 'connect',
      address: '127.0.0.1',
      port: 4000
    }
  ]
}
 GET /cursos 200 in 38ms (next.js: 7ms, application-code: 31ms)
Failed to proxy http://localhost:4000/uploads/courses/1783950728875-376099454.jpeg AggregateError: 
    at ignore-listed frames {
  code: 'ECONNREFUSED',
  [errors]: [
    Error: connect ECONNREFUSED ::1:4000
        at <unknown> (Error: connect ECONNREFUSED ::1:4000) {
      errno: -4078,
      code: 'ECONNREFUSED',
      syscall: 'connect',
      address: '::1',
      port: 4000
    },
    Error: connect ECONNREFUSED 127.0.0.1:4000
        at <unknown> (Error: connect ECONNREFUSED 127.0.0.1:4000) {
      errno: -4078,
      code: 'ECONNREFUSED',
      syscall: 'connect',
      address: '127.0.0.1',
      port: 4000
    }
  ]
}
AggregateError: 
    at ignore-listed frames {
  code: 'ECONNREFUSED',
  [errors]: [
    Error: connect ECONNREFUSED ::1:4000
        at <unknown> (Error: connect ECONNREFUSED ::1:4000) {
      errno: -4078,
      code: 'ECONNREFUSED',
      syscall: 'connect',
      address: '::1',
      port: 4000
    },
    Error: connect ECONNREFUSED 127.0.0.1:4000
        at <unknown> (Error: connect ECONNREFUSED 127.0.0.1:4000) {
      errno: -4078,
      code: 'ECONNREFUSED',
      syscall: 'connect',
      address: '127.0.0.1',
      port: 4000
    }
  ]
}
Failed to proxy http://localhost:4000/uploads/courses/1783950691660-865373914.png AggregateError: 
    at ignore-listed frames {
  code: 'ECONNREFUSED',
  [errors]: [
    Error: connect ECONNREFUSED ::1:4000
        at <unknown> (Error: connect ECONNREFUSED ::1:4000) {
      errno: -4078,
      code: 'ECONNREFUSED',
      syscall: 'connect',
      address: '::1',
      port: 4000
    },
    Error: connect ECONNREFUSED 127.0.0.1:4000
        at <unknown> (Error: connect ECONNREFUSED 127.0.0.1:4000) {
      errno: -4078,
      code: 'ECONNREFUSED',
      syscall: 'connect',
      address: '127.0.0.1',
      port: 4000
    }
  ]
}
AggregateError: 
    at ignore-listed frames {
  code: 'ECONNREFUSED',
  [errors]: [
    Error: connect ECONNREFUSED ::1:4000
        at <unknown> (Error: connect ECONNREFUSED ::1:4000) {
      errno: -4078,
      code: 'ECONNREFUSED',
      syscall: 'connect',
      address: '::1',
      port: 4000
    },
    Error: connect ECONNREFUSED 127.0.0.1:4000
        at <unknown> (Error: connect ECONNREFUSED 127.0.0.1:4000) {
      errno: -4078,
      code: 'ECONNREFUSED',
      syscall: 'connect',
      address: '127.0.0.1',
      port: 4000
    }
  ]
}
Failed to proxy http://localhost:4000/uploads/courses/1783950632855-769817501.png AggregateError: 
    at ignore-listed frames {
  code: 'ECONNREFUSED',
  [errors]: [
    Error: connect ECONNREFUSED ::1:4000
        at <unknown> (Error: connect ECONNREFUSED ::1:4000) {
      errno: -4078,
      code: 'ECONNREFUSED',
      syscall: 'connect',
      address: '::1',
      port: 4000
    },
    Error: connect ECONNREFUSED 127.0.0.1:4000
        at <unknown> (Error: connect ECONNREFUSED 127.0.0.1:4000) {
      errno: -4078,
      code: 'ECONNREFUSED',
      syscall: 'connect',
      address: '127.0.0.1',
      port: 4000
    }
  ]
}
AggregateError: 
    at ignore-listed frames {
  code: 'ECONNREFUSED',
  [errors]: [
    Error: connect ECONNREFUSED ::1:4000
        at <unknown> (Error: connect ECONNREFUSED ::1:4000) {
      errno: -4078,
      code: 'ECONNREFUSED',
      syscall: 'connect',
      address: '::1',
      port: 4000
    },
    Error: connect ECONNREFUSED 127.0.0.1:4000
        at <unknown> (Error: connect ECONNREFUSED 127.0.0.1:4000) {
      errno: -4078,
      code: 'ECONNREFUSED',
      syscall: 'connect',
      address: '127.0.0.1',
      port: 4000
    }
  ]
}
Failed to proxy http://localhost:4000/uploads/courses/1783950705057-369497689.png AggregateError: 
    at ignore-listed frames {
  code: 'ECONNREFUSED',
  [errors]: [
    Error: connect ECONNREFUSED ::1:4000
        at <unknown> (Error: connect ECONNREFUSED ::1:4000) {
      errno: -4078,
      code: 'ECONNREFUSED',
      syscall: 'connect',
      address: '::1',
      port: 4000
    },
    Error: connect ECONNREFUSED 127.0.0.1:4000
        at <unknown> (Error: connect ECONNREFUSED 127.0.0.1:4000) {
      errno: -4078,
      code: 'ECONNREFUSED',
      syscall: 'connect',
      address: '127.0.0.1',
      port: 4000
    }
  ]
}
AggregateError: 
    at ignore-listed frames {
  code: 'ECONNREFUSED',
  [errors]: [
    Error: connect ECONNREFUSED ::1:4000
        at <unknown> (Error: connect ECONNREFUSED ::1:4000) {
      errno: -4078,
      code: 'ECONNREFUSED',
      syscall: 'connect',
      address: '::1',
      port: 4000
    },
    Error: connect ECONNREFUSED 127.0.0.1:4000
        at <unknown> (Error: connect ECONNREFUSED 127.0.0.1:4000) {
      errno: -4078,
      code: 'ECONNREFUSED',
      syscall: 'connect',
      address: '127.0.0.1',
      port: 4000
    }
  ]
}
Failed to proxy http://localhost:4000/api/student/enrollments AggregateError: 
    at ignore-listed frames {
  code: 'ECONNREFUSED',
  [errors]: [
    Error: connect ECONNREFUSED ::1:4000
        at <unknown> (Error: connect ECONNREFUSED ::1:4000) {
      errno: -4078,
      code: 'ECONNREFUSED',
      syscall: 'connect',
      address: '::1',
      port: 4000
    },
    Error: connect ECONNREFUSED 127.0.0.1:4000
        at <unknown> (Error: connect ECONNREFUSED 127.0.0.1:4000) {
      errno: -4078,
      code: 'ECONNREFUSED',
      syscall: 'connect',
      address: '127.0.0.1',
      port: 4000
    }
  ]
}
AggregateError: 
    at ignore-listed frames {
  code: 'ECONNREFUSED',
  [errors]: [
    Error: connect ECONNREFUSED ::1:4000
        at <unknown> (Error: connect ECONNREFUSED ::1:4000) {
      errno: -4078,
      code: 'ECONNREFUSED',
      syscall: 'connect',
      address: '::1',
      port: 4000
    },
    Error: connect ECONNREFUSED 127.0.0.1:4000
        at <unknown> (Error: connect ECONNREFUSED 127.0.0.1:4000) {
      errno: -4078,
      code: 'ECONNREFUSED',
      syscall: 'connect',
      address: '127.0.0.1',
      port: 4000
    }
  ]
}
Failed to proxy http://localhost:4000/api/courses/catalog?status=published&page=1&limit=12&sort=recent AggregateError: 
    at ignore-listed frames {
  code: 'ECONNREFUSED',
  [errors]: [
    Error: connect ECONNREFUSED ::1:4000
        at <unknown> (Error: connect ECONNREFUSED ::1:4000) {
      errno: -4078,
      code: 'ECONNREFUSED',
      syscall: 'connect',
      address: '::1',
      port: 4000
    },
    Error: connect ECONNREFUSED 127.0.0.1:4000
        at <unknown> (Error: connect ECONNREFUSED 127.0.0.1:4000) {
      errno: -4078,
      code: 'ECONNREFUSED',
      syscall: 'connect',
      address: '127.0.0.1',
      port: 4000
    }
  ]
}
AggregateError: 
    at ignore-listed frames {
  code: 'ECONNREFUSED',
  [errors]: [
    Error: connect ECONNREFUSED ::1:4000
        at <unknown> (Error: connect ECONNREFUSED ::1:4000) {
      errno: -4078,
      code: 'ECONNREFUSED',
      syscall: 'connect',
      address: '::1',
      port: 4000
    },
    Error: connect ECONNREFUSED 127.0.0.1:4000
        at <unknown> (Error: connect ECONNREFUSED 127.0.0.1:4000) {
      errno: -4078,
      code: 'ECONNREFUSED',
      syscall: 'connect',
      address: '127.0.0.1',
      port: 4000
    }
  ]
}
Failed to proxy http://localhost:4000/api/student/enrollments AggregateError: 
    at ignore-listed frames {
  code: 'ECONNREFUSED',
  [errors]: [
    Error: connect ECONNREFUSED ::1:4000
        at <unknown> (Error: connect ECONNREFUSED ::1:4000) {
      errno: -4078,
      code: 'ECONNREFUSED',
      syscall: 'connect',
      address: '::1',
      port: 4000
    },
    Error: connect ECONNREFUSED 127.0.0.1:4000
        at <unknown> (Error: connect ECONNREFUSED 127.0.0.1:4000) {
      errno: -4078,
      code: 'ECONNREFUSED',
      syscall: 'connect',
      address: '127.0.0.1',
      port: 4000
    }
  ]
}
AggregateError: 
    at ignore-listed frames {
  code: 'ECONNREFUSED',
  [errors]: [
    Error: connect ECONNREFUSED ::1:4000
        at <unknown> (Error: connect ECONNREFUSED ::1:4000) {
      errno: -4078,
      code: 'ECONNREFUSED',
      syscall: 'connect',
      address: '::1',
      port: 4000
    },
    Error: connect ECONNREFUSED 127.0.0.1:4000
        at <unknown> (Error: connect ECONNREFUSED 127.0.0.1:4000) {
      errno: -4078,
      code: 'ECONNREFUSED',
      syscall: 'connect',
      address: '127.0.0.1',
      port: 4000
    }
  ]
}
Failed to proxy http://localhost:4000/api/courses/catalog?status=published&page=1&limit=12&sort=recent AggregateError: 
    at ignore-listed frames {
  code: 'ECONNREFUSED',
  [errors]: [
    Error: connect ECONNREFUSED ::1:4000
        at <unknown> (Error: connect ECONNREFUSED ::1:4000) {
      errno: -4078,
      code: 'ECONNREFUSED',
      syscall: 'connect',
      address: '::1',
      port: 4000
    },
    Error: connect ECONNREFUSED 127.0.0.1:4000
        at <unknown> (Error: connect ECONNREFUSED 127.0.0.1:4000) {
      errno: -4078,
      code: 'ECONNREFUSED',
      syscall: 'connect',
      address: '127.0.0.1',
      port: 4000
    }
  ]
}
AggregateError: 
    at ignore-listed frames {
  code: 'ECONNREFUSED',
  [errors]: [
    Error: connect ECONNREFUSED ::1:4000
        at <unknown> (Error: connect ECONNREFUSED ::1:4000) {
      errno: -4078,
      code: 'ECONNREFUSED',
      syscall: 'connect',
      address: '::1',
      port: 4000
    },
    Error: connect ECONNREFUSED 127.0.0.1:4000
        at <unknown> (Error: connect ECONNREFUSED 127.0.0.1:4000) {
      errno: -4078,
      code: 'ECONNREFUSED',
      syscall: 'connect',
      address: '127.0.0.1',
      port: 4000
    }
  ]
}
 GET /carrito 200 in 72ms (next.js: 8ms, application-code: 64ms)
 GET /auth/login 200 in 72ms (next.js: 8ms, proxy.ts: 5ms, application-code: 59ms)
 GET /dashboard 200 in 49ms (next.js: 10ms, proxy.ts: 6ms, application-code: 34ms)
 GET /checkout 200 in 40ms (next.js: 10ms, application-code: 30ms)
[browser] NEXT_PUBLIC_MERCADOPAGO_PUBLIC_KEY no está configurada — usando llave de prueba de fallback. (src/components/organisms/MercadoPagoBrick.tsx:15:11)
[browser] Error al obtener la sesión de Mercado Pago: AxiosError: Request failed with status code 400 (src/components/organisms/MercadoPagoBrick.tsx:46:17)
[browser] Error al obtener la sesión de Mercado Pago: AxiosError: Request failed with status code 400 (src/components/organisms/MercadoPagoBrick.tsx:46:17)
 GET /carrito 200 in 110ms (next.js: 10ms, application-code: 100ms)
 GET /checkout 200 in 33ms (next.js: 7ms, application-code: 26ms)
[browser] NEXT_PUBLIC_MERCADOPAGO_PUBLIC_KEY no está configurada — usando llave de prueba de fallback. (src/components/organisms/MercadoPagoBrick.tsx:15:11)
[browser] Error al obtener la sesión de Mercado Pago: AxiosError: Request failed with status code 400 (src/components/organisms/MercadoPagoBrick.tsx:46:17)
[browser] Error al obtener la sesión de Mercado Pago: AxiosError: Request failed with status code 400 (src/components/organisms/MercadoPagoBrick.tsx:46:17)
 GET /auth/login 200 in 70ms (next.js: 8ms, proxy.ts: 4ms, application-code: 57ms)
 GET /dashboard 200 in 40ms (next.js: 7ms, proxy.ts: 6ms, application-code: 28ms)
 GET /carrito 200 in 87ms (next.js: 8ms, application-code: 79ms)
 GET /carrito 200 in 86ms (next.js: 8ms, application-code: 78ms)
 GET /checkout 200 in 33ms (next.js: 7ms, application-code: 26ms)
[browser] NEXT_PUBLIC_MERCADOPAGO_PUBLIC_KEY no está configurada — usando llave de prueba de fallback. (src/components/organisms/MercadoPagoBrick.tsx:15:11)
[browser] Error al obtener la sesión de Mercado Pago: AxiosError: Request failed with status code 500 (src/components/organisms/MercadoPagoBrick.tsx:46:17)
[browser] Error al obtener la sesión de Mercado Pago: AxiosError: Request failed with status code 500 (src/components/organisms/MercadoPagoBrick.tsx:46:17)
[browser] Error al obtener la sesión de Mercado Pago: AxiosError: Request failed with status code 500 (src/components/organisms/MercadoPagoBrick.tsx:46:17)
[browser] Error al obtener la sesión de Mercado Pago: AxiosError: Request failed with status code 500 (src/components/organisms/MercadoPagoBrick.tsx:46:17)
[browser] Error al obtener la sesión de Mercado Pago: AxiosError: Request failed with status code 500 (src/components/organisms/MercadoPagoBrick.tsx:46:17)
 GET / 200 in 31ms (next.js: 7ms, application-code: 24ms)
 GET /auth/login 200 in 51ms (next.js: 10ms, proxy.ts: 8ms, application-code: 33ms)
 GET /panel 200 in 190ms (next.js: 145ms, proxy.ts: 5ms, application-code: 40ms)
[browser] NEXT_PUBLIC_CULQI_PUBLIC_KEY no está configurada. (src/components/organisms/CulqiCheckout.tsx:45:15)
[browser] NEXT_PUBLIC_CULQI_PUBLIC_KEY no está configurada. (src/components/organisms/CulqiCheckout.tsx:45:15)
 GET /panel/soporte/cursos 200 in 193ms (next.js: 126ms, proxy.ts: 8ms, application-code: 59ms)
 GET /panel/soporte/cursos/68e8dc50-a480-4868-8d5d-dac8de1d9e36/editar 200 in 1533ms (next.js: 1486ms, proxy.ts: 5ms, application-code: 43ms)
 GET /panel/soporte/certificados/plantillas 200 in 188ms (next.js: 138ms, proxy.ts: 5ms, application-code: 44ms)
 GET /panel/soporte/cursos 200 in 45ms (next.js: 9ms, proxy.ts: 5ms, application-code: 31ms)
 GET /panel/soporte/cursos/68e8dc50-a480-4868-8d5d-dac8de1d9e36/certificaciones 200 in 182ms (next.js: 128ms, proxy.ts: 5ms, application-code: 50ms)
 GET / 200 in 93ms (next.js: 8ms, application-code: 86ms)
 GET /carrito 200 in 35ms (next.js: 8ms, application-code: 26ms)
 GET /cursos 200 in 33ms (next.js: 8ms, application-code: 26ms)
 GET /cursos/nodejs-avanzado 200 in 49ms (next.js: 18ms, application-code: 31ms)
 GET /checkout 200 in 33ms (next.js: 7ms, application-code: 26ms)
[browser] Error al obtener la sesión de Mercado Pago: AxiosError: Request failed with status code 400 (src/components/organisms/MercadoPagoBrick.tsx:46:17)
[browser] Error al obtener la sesión de Mercado Pago: AxiosError: Request failed with status code 400 (src/components/organisms/MercadoPagoBrick.tsx:46:17)
 GET /cursos 200 in 34ms (next.js: 8ms, application-code: 25ms)
 GET /cursos/figma-ux-ui 200 in 45ms (next.js: 14ms, application-code: 31ms)
 GET /checkout 200 in 30ms (next.js: 7ms, application-code: 23ms)
[browser] Error al obtener la sesión de Mercado Pago: AxiosError: Request failed with status code 400 (src/components/organisms/MercadoPagoBrick.tsx:46:17)
[browser] Error al obtener la sesión de Mercado Pago: AxiosError: Request failed with status code 400 (src/components/organisms/MercadoPagoBrick.tsx:46:17)
 GET /cursos 200 in 38ms (next.js: 9ms, application-code: 28ms)
 GET /cursos/figma-ux-ui 200 in 47ms (next.js: 15ms, application-code: 31ms)
 GET /panel/soporte/certificados/plantillas?module_id=c9813766-d3e2-4672-bd15-710e87f5f837&course_id=68e8dc50-a480-4868-8d5d-dac8de1d9e36 200 in 46ms (next.js: 7ms, proxy.ts: 6ms, application-code: 33ms)
 GET /panel/soporte/cursos/68e8dc50-a480-4868-8d5d-dac8de1d9e36/certificaciones 200 in 59ms (next.js: 18ms, proxy.ts: 4ms, application-code: 36ms)
Failed to proxy http://localhost:4000/api/courses/slug/figma-ux-ui Error: read ECONNRESET
    at ignore-listed frames {
  errno: -4077,
  code: 'ECONNRESET',
  syscall: 'read'
}
Error: read ECONNRESET
    at ignore-listed frames {
  errno: -4077,
  code: 'ECONNRESET',
  syscall: 'read'
}
Failed to proxy http://localhost:4000/api/courses/5d21e17f-675f-4f45-a509-c6185969dccf/modules Error: read ECONNRESET
    at ignore-listed frames {
  errno: -4077,
  code: 'ECONNRESET',
  syscall: 'read'
}
Error: read ECONNRESET
    at ignore-listed frames {
  errno: -4077,
  code: 'ECONNRESET',
  syscall: 'read'
}
Failed to proxy http://localhost:4000/api/courses/slug/figma-ux-ui AggregateError: 
    at ignore-listed frames {
  code: 'ECONNREFUSED',
  [errors]: [
    Error: connect ECONNREFUSED ::1:4000
        at <unknown> (Error: connect ECONNREFUSED ::1:4000) {
      errno: -4078,
      code: 'ECONNREFUSED',
      syscall: 'connect',
      address: '::1',
      port: 4000
    },
    Error: connect ECONNREFUSED 127.0.0.1:4000
        at <unknown> (Error: connect ECONNREFUSED 127.0.0.1:4000) {
      errno: -4078,
      code: 'ECONNREFUSED',
      syscall: 'connect',
      address: '127.0.0.1',
      port: 4000
    }
  ]
}
AggregateError: 
    at ignore-listed frames {
  code: 'ECONNREFUSED',
  [errors]: [
    Error: connect ECONNREFUSED ::1:4000
        at <unknown> (Error: connect ECONNREFUSED ::1:4000) {
      errno: -4078,
      code: 'ECONNREFUSED',
      syscall: 'connect',
      address: '::1',
      port: 4000
    },
    Error: connect ECONNREFUSED 127.0.0.1:4000
        at <unknown> (Error: connect ECONNREFUSED 127.0.0.1:4000) {
      errno: -4078,
      code: 'ECONNREFUSED',
      syscall: 'connect',
      address: '127.0.0.1',
      port: 4000
    }
  ]
}
Failed to proxy http://localhost:4000/api/courses/5d21e17f-675f-4f45-a509-c6185969dccf/modules AggregateError: 
    at ignore-listed frames {
  code: 'ECONNREFUSED',
  [errors]: [
    Error: connect ECONNREFUSED ::1:4000
        at <unknown> (Error: connect ECONNREFUSED ::1:4000) {
      errno: -4078,
      code: 'ECONNREFUSED',
      syscall: 'connect',
      address: '::1',
      port: 4000
    },
    Error: connect ECONNREFUSED 127.0.0.1:4000
        at <unknown> (Error: connect ECONNREFUSED 127.0.0.1:4000) {
      errno: -4078,
      code: 'ECONNREFUSED',
      syscall: 'connect',
      address: '127.0.0.1',
      port: 4000
    }
  ]
}
AggregateError: 
    at ignore-listed frames {
  code: 'ECONNREFUSED',
  [errors]: [
    Error: connect ECONNREFUSED ::1:4000
        at <unknown> (Error: connect ECONNREFUSED ::1:4000) {
      errno: -4078,
      code: 'ECONNREFUSED',
      syscall: 'connect',
      address: '::1',
      port: 4000
    },
    Error: connect ECONNREFUSED 127.0.0.1:4000
        at <unknown> (Error: connect ECONNREFUSED 127.0.0.1:4000) {
      errno: -4078,
      code: 'ECONNREFUSED',
      syscall: 'connect',
      address: '127.0.0.1',
      port: 4000
    }
  ]
}
 GET /panel 200 in 40ms (next.js: 8ms, proxy.ts: 6ms, application-code: 25ms)
 GET /panel/soporte/cursos 200 in 42ms (next.js: 6ms, proxy.ts: 6ms, application-code: 30ms)
 GET /panel/soporte/cursos/68e8dc50-a480-4868-8d5d-dac8de1d9e36/certificaciones 200 in 60ms (next.js: 19ms, proxy.ts: 5ms, application-code: 36ms)
 GET /panel/soporte/certificados/plantillas?module_id=514e2607-5c85-4010-8079-f9a4c375c3db&course_id=68e8dc50-a480-4868-8d5d-dac8de1d9e36 200 in 44ms (next.js: 7ms, proxy.ts: 6ms, application-code: 31ms)
 GET /panel/soporte/cursos/68e8dc50-a480-4868-8d5d-dac8de1d9e36/certificaciones 200 in 56ms (next.js: 18ms, proxy.ts: 4ms, application-code: 34ms)
 GET /panel/soporte/cursos 200 in 59ms (next.js: 12ms, proxy.ts: 7ms, application-code: 39ms)
 GET /panel/soporte/categorias 200 in 222ms (next.js: 171ms, proxy.ts: 5ms, application-code: 46ms)
 GET /panel/soporte/cursos 200 in 42ms (next.js: 8ms, proxy.ts: 4ms, application-code: 30ms)
 GET /panel/soporte/cursos/68e8dc50-a480-4868-8d5d-dac8de1d9e36/editar 200 in 65ms (next.js: 21ms, proxy.ts: 6ms, application-code: 38ms)
 GET /panel/soporte/cursos 200 in 41ms (next.js: 9ms, proxy.ts: 5ms, application-code: 27ms)
 GET /panel/soporte/cursos/68e8dc50-a480-4868-8d5d-dac8de1d9e36/certificaciones 200 in 56ms (next.js: 18ms, proxy.ts: 5ms, application-code: 32ms)
 GET /panel/soporte/cursos 200 in 40ms (next.js: 9ms, proxy.ts: 5ms, application-code: 27ms)
 GET /panel/soporte/cursos/68e8dc50-a480-4868-8d5d-dac8de1d9e36/certificaciones 200 in 62ms (next.js: 17ms, proxy.ts: 6ms, application-code: 40ms)
 GET /panel/soporte/certificados/plantillas?module_id=514e2607-5c85-4010-8079-f9a4c375c3db&course_id=68e8dc50-a480-4868-8d5d-dac8de1d9e36 200 in 46ms (next.js: 10ms, proxy.ts: 5ms, application-code: 31ms)
 GET /panel/soporte/cursos/68e8dc50-a480-4868-8d5d-dac8de1d9e36/certificaciones 200 in 63ms (next.js: 19ms, proxy.ts: 6ms, application-code: 38ms)
 GET /panel/soporte/certificados/plantillas?module_id=261531af-59ef-4963-9a00-afb2d313f13c&course_id=68e8dc50-a480-4868-8d5d-dac8de1d9e36 200 in 50ms (next.js: 9ms, proxy.ts: 4ms, application-code: 37ms)
 GET /panel/soporte/cursos/68e8dc50-a480-4868-8d5d-dac8de1d9e36/certificaciones 200 in 55ms (next.js: 17ms, proxy.ts: 5ms, application-code: 33ms)
 GET /panel/soporte/certificados/plantillas?course_id=68e8dc50-a480-4868-8d5d-dac8de1d9e36&kind=constancia 200 in 56ms (next.js: 11ms, proxy.ts: 8ms, application-code: 37ms)
 GET /panel/soporte/cursos/68e8dc50-a480-4868-8d5d-dac8de1d9e36/certificaciones 200 in 67ms (next.js: 23ms, proxy.ts: 5ms, application-code: 39ms)
 GET /panel/soporte/certificados/plantillas?course_id=68e8dc50-a480-4868-8d5d-dac8de1d9e36&kind=certificado 200 in 49ms (next.js: 10ms, proxy.ts: 5ms, application-code: 34ms)
 GET /panel/soporte/cursos/68e8dc50-a480-4868-8d5d-dac8de1d9e36/certificaciones 200 in 68ms (next.js: 21ms, proxy.ts: 5ms, application-code: 43ms)
 GET /panel/soporte/certificados/plantillas?course_id=68e8dc50-a480-4868-8d5d-dac8de1d9e36&kind=constancia 200 in 57ms (next.js: 9ms, proxy.ts: 6ms, application-code: 42ms)
 GET /panel/soporte/cursos/68e8dc50-a480-4868-8d5d-dac8de1d9e36/certificaciones 200 in 63ms (next.js: 18ms, proxy.ts: 7ms, application-code: 38ms)
 GET /cursos 200 in 38ms (next.js: 8ms, application-code: 30ms)
 GET /cursos/figma-ux-ui 200 in 53ms (next.js: 17ms, application-code: 36ms)
 GET /carrito 200 in 33ms (next.js: 7ms, application-code: 27ms)
 GET /checkout 200 in 43ms (next.js: 6ms, application-code: 37ms)
 GET /panel/soporte/cursos 200 in 42ms (next.js: 8ms, proxy.ts: 5ms, application-code: 29ms)
 GET /panel/soporte/certificados/plantillas 200 in 44ms (next.js: 9ms, proxy.ts: 5ms, application-code: 29ms)
 GET /auth/login?redirect=%2Fpanel%2Fsoporte%2Fcursos 200 in 43ms (next.js: 10ms, proxy.ts: 4ms, application-code: 30ms)
 GET /panel 200 in 42ms (next.js: 9ms, proxy.ts: 5ms, application-code: 29ms)
 GET /panel/soporte/cursos 200 in 49ms (next.js: 11ms, proxy.ts: 4ms, application-code: 34ms)
 GET /panel/soporte/cursos/68e8dc50-a480-4868-8d5d-dac8de1d9e36/certificaciones 200 in 70ms (next.js: 22ms, proxy.ts: 6ms, application-code: 42ms)
 GET /panel/soporte/certificados/plantillas?course_id=68e8dc50-a480-4868-8d5d-dac8de1d9e36&kind=constancia 200 in 41ms (next.js: 8ms, proxy.ts: 5ms, application-code: 28ms)
 GET /panel/soporte/cursos/68e8dc50-a480-4868-8d5d-dac8de1d9e36/certificaciones 200 in 61ms (next.js: 19ms, proxy.ts: 4ms, application-code: 38ms)
 GET /panel/soporte/certificados/plantillas?course_id=68e8dc50-a480-4868-8d5d-dac8de1d9e36&kind=certificado 200 in 58ms (next.js: 11ms, proxy.ts: 5ms, application-code: 41ms)
 GET /panel/soporte/cursos/68e8dc50-a480-4868-8d5d-dac8de1d9e36/certificaciones 200 in 55ms (next.js: 16ms, proxy.ts: 5ms, application-code: 34ms)
 GET /auth/login 200 in 88ms (next.js: 11ms, proxy.ts: 5ms, application-code: 72ms)
 GET / 200 in 37ms (next.js: 11ms, application-code: 26ms)
 GET /terminos 404 in 240ms (next.js: 189ms, application-code: 51ms)
 GET /terminos 404 in 67ms (next.js: 14ms, application-code: 53ms)
[browser] A tree hydrated but some attributes of the server rendered HTML didn't match the client properties. This won't be patched up. This can happen if a SSR-ed Client Component used:

- A server/client branch `if (typeof window !== 'undefined')`.
- Variable input such as `Date.now()` or `Math.random()` which changes each time it's called.
- Date formatting in a user's locale which doesn't match the server.
- External changing data without sending a snapshot of it along with the HTML.
- Invalid HTML tag nesting.

It can also happen if the client has a browser extension installed which messes with the HTML before React loaded.

https://react.dev/link/hydration-mismatch

  ...
    <HotReload globalError={[...]} webSocket={WebSocket} staticIndicatorState={{pathname:null, ...}}>
      <AppDevOverlayErrorBoundary globalError={[...]}>
        <ReplaySsrOnlyErrors>
        <DevRootHTTPAccessFallbackBoundary>
          <HTTPAccessFallbackBoundary notFound={<NotAllowedRootHTTPFallbackError>}>
            <HTTPAccessFallbackErrorBoundary pathname="/terminos" notFound={<NotAllowedRootHTTPFallbackError>} ...>
              <RedirectBoundary>
                <RedirectErrorBoundary router={{...}}>
                  <Head>
                  <__next_root_layout_boundary__>
                    <SegmentViewNode type="layout" pagePath="layout.tsx">
                      <SegmentTrieNode>
                      <link>
                      <script>
                      <script>
                      <script>
                      <script>
                      <script>
                      <script>
                      <RootLayout>
                        <html lang="es" className="raleway_6e...">
                          <body
                            className="min-h-full flex flex-col"
-                           cz-shortcut-listen="true"
                          >
                  ...
 
 GET /privacidad 404 in 50ms (next.js: 13ms, application-code: 36ms)
 GET /privacidad 404 in 72ms (next.js: 14ms, application-code: 57ms)
 GET /cursos 200 in 44ms (next.js: 10ms, application-code: 35ms)
 GET / 200 in 34ms (next.js: 7ms, application-code: 27ms)
 GET /cursos 200 in 43ms (next.js: 8ms, application-code: 35ms)
